,tag,topic,content,like,donate,comment
0,[],NaN,NaN,NaN,NaN,NaN
1,[],NaN,NaN,NaN,NaN,NaN
2,"['加權指數', '合一', '台積電', '邁達特', '長榮']",NaN,大家晚上好清明連假第三日，今天禮拜一，邁入四月的第一週！台股沒開盤的日子，總是覺得少了些什麼，有點難耐又有點無聊。大家也會有這樣的感受嗎😂😂😂有的+1沒有+2個人除了跟家人、朋友聚聚外，也到處關注各類消息。想到前幾天4/1的新聞，一度以為是愚人節，沒想到是真的😱😱😱看到都覺得有些震驚！有同學也知道這件消息的嗎？也有跟我一樣發出真的假的，驚嘆號嗎🤣🤣🤣雖說台股沒開盤，不過美股部分今日開始營業，多少可以從中窺探一下全球行情走勢！希望延續上週五的反彈表現，一路起漲至台股週四開盤🤑🤑🤑連假期間同學也別忘了努力精進自身的實力！獨門武功教學篇，已累積發佈有25篇😎😎😎每一篇都帶來不同的思維，看法，由淺至深，新手小白都能輕鬆閱讀👍👍👍同學社團內的問題也都回覆完成，再請至各自的提問處，查看留言喔！祝福各位同學們都有個美好假期，大家晚上好，我是拒當韭菜俠🦇🦇🦇追蹤、訂閱，才能第一時間掌握第一手消息！歡迎加入拒當韭菜俠的大家庭，讓我們2023年一起打拼奮鬥🔥🔥🔥https://www.cmoney.tw/app/itemcontent.aspx?id=4928✨個人投資經驗分享，無任何推介，招攬之意。資訊僅供參考，讀者應獨立判斷，審慎評估，買賣在已，盈虧自負。,59,4,30
3,"['益登', '邁達特']",NaN,Jetson Orin Nano開發套件動手玩（一）：規格介紹與開箱發表於 2023年4月03日 09:00ADVERTISEMENTNVIDIA於GTC 2023春季場發表Jetson Orin Nano開發套件，提高入門級AI裝置的效能標竿，讓我們先看看它的規格分析。入門級AI效能新基準Jetson Orin Nano 8GB運算模組能在15W功耗模式下，提供40TOPS的INT8資料類型AI運算效能，相較於Jetson Xavier NX僅有21TOPS的效能高出1倍左右。而與Jetson Nano的INT16資料類型效能只有0.5TOPS相比，2者差距更為達到80倍之譜，此外Jetson Orin Nano 8的FP32資料類型CUDA核心效能也達到Jetson Nano的5倍，6組Arm Cortex-A78AE處理器核心也有近7倍處理器效能。另一方面Jetson Orin Nano 8GB運算模組也能切換至7W功耗模式，帶來更具彈性的應用方式，。整體而言，Jetson Orin Nano最高能帶來50倍於Jetson Nano的電力效率。受益於Jetson Orin Nano平台的效能提升，並可支援更多主流AI電腦視覺模型，開發者可以利用Jetson Orin Nano開發套件打造功能更多元的入門級AI機器人、無人機和相機等應用。Jetson Orin Nano平台支援之視覺模型NVIDIA PeopleNet v2.3：精簡人員檢測NVIDIA PeopleNet v2.5：最高準確度人員檢測NVIDIA Action Recognition Net：2D和3D人員姿勢辨識NVIDIA LPRNet：車牌辨識NVIDIA DashCamNet、BodyPoseNet：人員姿勢預測ResNet-50 (224×224)：圖像辨識https://www.techbang.com/posts/105172-jetson-orin-nano-development-kit~~~~~~~~~~~~~~~~~~~~~AI目前兩大主角微軟跟輝達，在未來的AI軍備競賽分別是軟體跟晶片模組代表。,161,8,48
4,['加權指數'],NaN,相隔十多年，又迎來一位新家庭成員❤️,504,0,79
5,"['佳世達', '明泰', '仲琦', '其陽', '友通']",NaN,2023年最受矚目的莫過於小型衛星及立方衛星，根據市場調查機構IMARC報告指出，2022 年全球立方衛星市場規模達到 2.97 億美元，預計到 2028 年將達到 8.61 億美元，近5年年均複合成長率 （CAGR）高達 18.3%，成長力道優於全球平均值，是以全球廠商加重投資立方衛星設計研發、組裝及發射服務之原因。鐳洋科技將在展覽期間，展示主動式電子掃描陣列雷達（AESA）及射頻測試解決方案，包括地面接收站、通訊酬載系統及頻率轉換器等，展現最新的研發成果。鐳洋指出，2023年安裝於飛機、船舶、汽車等移動運具的陣列天線地面接收站，有突破性的成長，至少數家國際業者展出系列產品。王奕翔表示，鐳洋在擴展研發量能的腳步不曾停歇，已於2023年2月宣布啟用座落於桃園青埔的太空研發中心，與國立中央大學攜手打造具備千級無塵室規格的「立方衛星整測實驗室」，就是為了加速台灣產業鏈之間的合作，以迎接國外客戶的立方衛星組裝需求，帶動台灣衛星產業的發展。～～～～～～～～～～～～佳世達今年會持續加大網通、工業電腦、醫療的營收成長，雖然消費性電子逐步走出谷底可是我認為未來AIOT的基礎建設更重要。佳世達轉型的過程獲利會持續成長，今年重點在毛利率的成長持續性。,287,29,54
6,['合一'],NaN,醫材出口到美國，能順利從海關清關進入美國本土的最後一張拼圖完成了！所有FDA需要的各種註冊號到手。沒有完整的註冊號，貨會一直卡在美國海關無法清關提貨。製造商（出口商）合一公司註冊號：3015077448初始進口商美商永生公司註冊號：3003562296,392,254,61
7,['長榮'],NaN,請問各位前輩追高買179這情況要停損還是說就放著比較好 感謝回覆🙏,NaN,0,17
8,"['晶豪科', '東元', '緯創', '英業達', '台積電']",🧑‍🦯月動能的力量,各位午安~~最近有部分個股，月動能提早大盤翻多，包含英業達/東元 (接近翻正)/緯創等這些股向來股性不活潑，近來趨勢翻揚，動能充沛小P以週趨勢+月動能+周ATI看三檔個股🦎🦎觀念1.月動能不輕易翻多，一旦翻多，都有強勢的走勢2.週趨勢縣+週ATI為中多門檻🈲整理1.一眼辨多空為多+週MACD雙線上零軸: 翻正為空翻多初段2.週趨勢+週ATI為正: 中段確認3.唯有月動能翻多，股價才進入真正的多頭強攻段以上三步驟第一次提，建議儲存文章，記起來~,122,2,33
9,['元大台灣50反1'],熊市尚未結束,04032023週一晚上左線預備、右線預備、全線預備（Season 2，Episode 32）。本集劇名：「熊市反彈即將結束」一、熊市反彈即將結束1.在不到一年的時間裡，納斯達克已經第二次進入牛市。2.根據高盛(GS)的數據，納斯達克最近的反彈主要是由 CTA 流量推動的。 商品交易顧問 (CTA) 是提供有關期貨合約、期貨期權和零售場外外匯合約或掉期買賣的客製化建議的個人或公司。 CTA 基金是一種使用管理期貨策略的對沖基金。 它投資於期貨合約並使用多種交易策略。 這些可能包括系統交易和趨勢跟踪。 基金經理也可以使用全權委託策略積極管理投資。3.這些流量本週應該會消退，反彈也會隨之消退。二、我們還在熊市1.納斯達克 100 (NDX) 在不到一年的時間裡第二次進入牛市。 (如右上圖所示）是的，你沒看錯，這是在不到一年的時間裡第二次。 納斯達克 100 指數從去前6月中旬飆升超過 20%，並在去年8月中旬達到峰值。 第二次，是從去年10月的低點，直到最近，第二次上漲超過 20%。2.是的，這是一個了不起的壯舉，從低點上漲了 20%，兩次，也許三次了，這取決於你想如何計算。 但我們不要歪曲事實，因為 NASAQ 100 指數仍比 2021 年 11 月的高點低 20% 以上。三、商品交易顧問(CTA)有趣的是，這次反彈和去年夏季反彈有一些共同點：大量商品交易員（CTA）湧入市場，就像他們摧毀美國國債市場時一樣，在 3 月中旬的短短兩週內急於回補他們的空頭。1.正如當時所指出的，CTA 流量推動去年夏季迷你牛市走高，從大量空頭股票轉向大量多頭股票。 但猜猜現在怎麼了？ 流量又回來了。他們在今年 1 月份是買家，推動納斯達克進入第二個牛市，並在 2 月份轉為賣家，現在他們又轉為買家。2.根據 Goldman Sachs（GS) 的數據（這些數據需要訂閱才能取得），這些 CTA 買家應該會在本週的某個時候完成並且結束他們的積極購買。 同時，將會伴隨有一波數據可能支持經濟保持強勁的說法。四、財政部總帳戶(Treasury General Account，TGA）1.財政部的稅收收入，應該會推動美聯儲持有的財政部一般帳戶從其非常低的水平上走高。 去年 4 月，TGA 增加了近 4000 億美元，隨著準備金餘額的急劇下降，這從市場中吸走了巨大的流動性，導致股市大幅下跌。（如右下圖所示）2.市場近期的多頭表現，除了來自於CTA流量之外，由於美聯儲向銀行提供貸款，準備金餘額有所增加，這雖然與 QE 不同並且不具有粘性，但是，還是增加了市場的流動性。 但是，隨著貼現窗口補貼和貸款活動回落至零，資產負債表和準備金餘額應該會再減少 1000 億美元，從市場和 TGA 的變化中吸取更多流動性。五、更不用說所有進入貨幣市場帳戶的資金，為了更好的利率而逃離銀行。 這筆錢很可能會直接進入美聯儲的逆回購工具（reverse repo facility），這也將在未來幾週內耗盡準備金餘額，吸走甚至更多的市場流動性。1.除此之外，本週還會有很多短期的經濟數據，包括 ISM 製造業和服務業數據、JOLTS 和 BLS 就業報告。 如果經濟真正實現很高的名目GDP增長率，正如亞特蘭大 GDPNow 和 PCE 的綜合估計所表明的那樣，那麼名目數據所顯示的經濟很可能看起來會強勁，並將支持利率在更長時間內保持較高水平，推高債券殖利率，以及，實質利率急劇上升，脫離了原本低迷的水平。2.最重要的是，考慮到矽谷銀行(SVB)倒閉，金融環境收緊和信貸利差擴大，之後，市場會以為情況有所緩解。 正如 GS（高盛）金融狀況指數所指出的那樣，金融狀況已經緩和並回到了 2 月底的水平。 就好像 SVB 從來沒有發生過一樣。 最重要的是，CDX 高收益指數本周也暴跌，證實金融狀況確實有所緩和。3.如果本週獲得強勁數據（鑑於上週美國 3 月份初步採購經理人指數意外上升，這似乎非常合理），那麼這意味著美聯儲今年降息的幻想很快就會破滅。因為投資者聽取了一位又一位鷹派美聯儲理事的講話，證實了至少可能再次加息的觀點。 然後他們將在今年的高利率狀態中保持穩定，就像兩週前的點陣圖所示。4.如果美聯儲不願採取更激進的貨幣政策緊縮路徑的唯一原因是相信銀行業“危機”會導致一些金融狀況收緊； 好吧，到目前為止，情況已經緩解。 如果他們繼續”放鬆“，美聯儲將不得不在某個時候轉回更激進的政策路徑點，主要是接下來的短期數據將會迫使這種情況發生。六、這種情況，實質利率應該會上升，將導致納斯達克 100 指數回吐近期的漲幅，就像矽谷銀行慘敗之前的情況一樣。再者，一旦 CTA 完成買進的動作，市場就會開始變得不穩定了。七、看空的投資者，需要有耐心。附註：筆者才疏學淺，必有考慮不周之處。歡迎留言、互相討論、一起思考、不斷修正、不斷進化。,37,2,16
10,"['鴻海', '友達', '台積電', '聯發科', '廣達']",4月3日！太年輕時買房會限制你職場上的發展！,網友聖賢提問:請問各位大大會建議現在年輕人第一桶金歐印鴻海好，還是那是買房比較好？現況房價持續上漲，目前本人是將頭期款歐印鴻海，但擔心未來會趕不上房價的上漲，年輕人要不靠家人靠自己要買房，真的難！網友冠咩夜空回答:貸款買房是負債，還要額外繳利息，除非是現金購入(富人中可以分擔資金風險)，但買鴻海是替你賺錢，股息與股價還有機會更多。網友清復回答:你這文章讓我想到，台積電股價在60到100之間時，我朋友也是把要買房子的頭期款歐印台積電，他現在房子也有股票也是放到現在（股票在有價值時，應該要好好把握，還有A大幫我們做好一大堆知識與心理面），你做的決定不會錯的，時間會給你答案的。網友宗煜回答:2023年1月26日新生兒與房價的問題，時間軸15分25秒15分25秒A大的文章和影片可以去看看，我未來也是要靠自己買房，但是我覺得被動收入資產目前對我來說比較重要，有工作+鴻海被動收入我的資產未來每年會變得很多，鴻海適合或是便宜的股價要把握好，未來再去思考房子的問題。給你參考看看。網友勝濱回答:現在買房以後的收入幾乎都被房貸吃光了，除非你是高收入族群，建議就先刻苦一點，增加本業收入，再學習正確投資概念增加被動收入。A大回答:我以我個人真實的案例來說，你可以參考一下，當初我在台北公司附近租套房，距離公司坐公車幾站就到了，因為上班的時間介於10到12個小時，所以我不想要花太多的時間通勤，工作了六年多後，公司忽然賠錢，公司進行了大幅度的裁員，雖然我是優秀的員工，但公司未來發展的重點和我的專業不同，公司建議我內轉到別的部門，我自然是不願意，後面因為租房子在那，我又找了附近的一家公司，去了三天後，覺得新的公司很鳥，我又離職了，之後花了半年找了新工作在竹北，我又去竹北公司附近租了兩年的套房，過了兩年後，公司又因為不賺錢，想要把我內轉到楊梅，我自然是不願意，之後台北原來那家公司又想要發展我專業的項目，我又回到了台北，這是我真實的人生經歷，如果你在很年輕就買了房子，我相信因為價格的因素，你不一定能買到工作公司的附近，所以你每天要花在通勤的時間就會變很長，如果你又要開快速道路或高速公路才能到公司，你又得額外的買一部車，買了車後，你又要花錢在公司或自己住家附近租或買停車費，當公司裁員你時，因為你已經買了房子了，你的職涯人生就僅會被限制在某一個地區，如果你硬要到外縣市找自己喜歡的工作，你就一定得租房子，這時你就是房貸及房租一起付，當你買了房子後，你每個月的薪資應該會所剩無幾，你每個月拿到薪水後，就是要付房租，而且就算公司不好，沒發展性，你為了要付每個月的房貸，你也會咬著牙一直做下去，當你年紀來到35歲，40歲時，其實你要換工作已經變的很困難了，一輩子就被困死在一間公司中，這時有人會說，自己是公務員，是老師，其本上是鐵飯碗，工作地點也不會變，如果是這樣，你接著要考慮的就是接下來20年，30年，你就是要把每個月的薪水投到房屋貸款中，你就註定要工作到把房貸還完為止，這時有人會說，買房子開了十倍槓桿，房子近幾十年下來都是上漲，所以買房子比任何投資都好，那是你以投資的角度去看，我個人是不會把買房子當成是投資的，台灣人也是很搞笑，房子炒到少子化了，人口愈少，房價炒愈高，你買房子開了十倍槓桿，賺的時候是十倍速度沒有錯，但不要忘了如果房價跌了，也是十倍的速度，近一兩年，歐洲，美國，中國的房地產都跌的很慘，尤其是中國，炒到一個高點後，房價就開始崩跌，現在中國的女生交往前，都會問對方手上有沒有房子在貸款，如果有的話，就是拒絕往來戶，當時買新房子時500萬，五年後新屋變350萬，有一些人看到房價下跌，都想要賴帳不繳，但那就是你和銀行之間的事，會一直有人說，營建成本就在那，房子不可能會便宜，我只能說，那是台灣房市不健全，照他們這樣說，面板業的製造成本也在那，鋼鐵的生產成本也在那，為什麼友達，群創去年第四季會賠百億？為什麼中鋼會賠？為什麼宏達電會賠？為什麼會有上市公司賠錢？真的是愛說笑，常常聽到一些建商，房仲在洗你腦說，營建成本就在那了，不可能降價，聽了我就想笑，台灣房地產沒有像股市這樣每一段時間經過期末考，才會讓一堆好傻好天真的人在裡面覺得房市產投資不敗，如果真不敗，那帥過頭怎麼破產的？如果你在年輕時就把自己和房子綁在一起，你這一輩子永遠也不會有資金去投資，尤其是你的薪資水準不高的，台灣的房價是很搞笑的，而且以我個人的想法來說，我因為工作需求才會想要在都市區，要是不需要工作，我個人是比較偏愛鄉下，即然房子已經成了金錢遊戲的產物，你就要先學會金錢遊戲再去買房子，股市是最好讓你磨練金錢遊戲的地方，在股市中你可以分辨很多陷阱，學到很多金融負債工具，如果你啥都不懂就買房，錯一次，你這一輩子就毀了。https://youtu.be/D0g0oX1nImU,66,6,74
11,[],NaN,NaN,NaN,NaN,NaN
12,"['鴻海', '元大高股息', '國泰永續高股息', '元大台灣高息低波', '國泰台灣5G+']",4月3日！高股息ETF逐年再投入股息是否有複利效果？,網友Ray Tsai提問:我想到一個問題，鴻海賺10%配5%。我把這個邏輯套入00878，一樣把一半配息再投入，得到的答案應該一樣吧。因為高股息就是穩定獲利企業。A大回答:給條生路，到底哪一樣了，鴻海每年會向你收0.64%的管理費嗎？每一季會會說要調整高股息的公司去換持股嗎？都不會嘛，還有鴻海賺資產的10%，配出5%，有5%保留在公司淨值中，這和你買了00878後，ETF把股息都配給你後，你再拿來買是不一樣的，如果你的薪資到某一定的水準，你拿到的股息是會納到你的所得稅，最高會被課40%的所得稅，而且拿到股息還要被扣二代健保，而鴻海保留在公司的那5%只需要繳保留盈餘稅5%，而且三年內有用在實體的投資上還能抵扣，所以你到底哪兒覺得這兩者是一樣了？如果聽不懂的話，我舉個白話文，你有4000萬元，分別買了400張鴻海及00878，鴻海賺10%配出5%，這樣就會有200萬股息，我就當00878股利率7%，會不會有這麼高，我是不知道，如果沒有這麼高，那高股息是叫爽的嗎？這樣你每年就能在高股息中拿到280萬的股息，我就當鴻海及00878每年都是賺資產的10%，鴻海配出5%，00878配出7%，你投資鴻海的4000萬中，有200萬的股息要繳所得稅及二代健保，剩下來保留在鴻海中賺的200萬，你只需要繳5%的保留盈餘稅後就能再複利投資，以台灣的稅率級距如下。56萬以內稅率5%，56到126萬之間稅率12%，126萬到252萬稅率20%，252到472萬稅率30%，470萬以上稅率40%，你每年不要報任何人扶養的話，免稅額約42.3萬，如果你年薪100萬，你買鴻海的話，股息200萬，買00878股息280萬，買鴻海的話，你的年收入300萬，扣掉42.3萬的免稅額，你會有257萬要繳稅，這257萬中的56萬繳稅率5%，70萬稅率12%，126萬稅率20%，5萬稅率30%，當然你還有94萬8.5%的股息抵稅額，因為不論你買啥都有，我們就先不考慮，如果你買00878的話，你股息280萬，薪資100萬，合計380萬，扣掉免稅額後，你還有337.7萬要繳稅，252萬以內的，你繳得和鴻海是一樣的，252萬到337.7萬之間的85.7萬，你是要繳30%的，看到了沒，高股息多配出來的這80萬獲利你直接讓公司保留在淨值中的話，你只需要繳5%的保留盈餘稅，結果你高股息配出來後，有30%要拿去繳稅，就剩下七成的金額再拿去買股票，有時我是很懷疑買高股息人的智商，這單純是所得稅，我還沒有考慮到二代健保，只要單筆股利超過2萬(含)，就必須要繳二代健保補充保費2.11%，你高股息就是繳愈多罷了，這時有人說自己退休了，沒有收入，高股息可以為自己每年生活開銷，這理由就更搞笑了，一家公司淨值100元，一年賺10元，配出5元或10元，最終你得到的都不會變，配出來太多會被政府課二代健保及所得稅，如果淨值增加，然後反應到股價，最終你只需要支付千分之三的交易稅而以，你是會不會比較啊，千分之三就是0.3%，你繳什麼稅可以低到僅需要付0.3%的，這也是為啥巴菲特會說，他希望自己公司都不要配股息，就是一直複利再投入，想要生活開銷的，你就賣一張換現金就行了，這樣你支付的稅不是最輕嗎？一些年輕人常常在那害怕繳二代健保，所得稅，要盡力的避刷，結果進到高股息這件事，瞬間又變白痴，選一大堆不會再成長的公司，賺多少配多少，然後多被政府課二代健保及所得稅，每天還在那沾沾自喜，覺得自己買到高股息賺好多，近年來很多蠢蛋買了高股息ETF，因為沒有人會和他們說我目前說的，沒有人會想要得罪他們，然後吃力不討好，即然他們願意多繳點稅，我也是願意得到政府退六千，我只能感謝他們了，要我買高股息，應該是辦不到。這時有人說，鴻海股利率5%多，也算是高股息，其實單純就是很多台灣投資人蠢，讓鴻海的股價在淨值附近，如果鴻海股價淨值比和大盤一樣是兩倍，股價兩百元，配出5.3元，了不起就是2.65%了，鴻海目前雖然是類高股息，但那是因為股價被市場嚴重看衰，鴻海真實僅有配出五成左右的獲利，而不是像一些公司配出八成，電信股甚至是配出十成。網友丫霖說:A大這樣説話不算重，我還經歷過同事朋友當面的質疑、唱衰的都有，說的我買了什麼大便似的，兩年的時間我就反轉他們的看法了，因為他們搶短輸的多，戰績輸給一個買鴻海後不會動的，林北其實很爽，不用爭辮就是贏家，笨、 蠢是誰？不過份啦話哪裡重了網友shu-wei說:投資之前就認知自己沒時間盯盤、沒有短線操作的能耐，所以選擇了中長線抱股票領股息。謝謝A大的文章及影片改變了許多對於股市的認知，很多事看起來希望渺茫，但人生永遠貴在堅持。一路奔跑，總比原地踏步好。A大回答:我說過，股市中有八成的贏家是中長線價值投資者，在股市中玩短線的，也有八成是輸家，一成不輸不贏當政府及券商的打工仔，剩下一成的短線客就是發大財的，當你買進鴻海後，你遇到十個短線客，你至少可以打敗九個人，意思就是說，你可以打九個人的臉後，才有可能被打一次，但就算別人打了你的臉後，你還是賺錢的，只是賺的比較少罷了，不過長期下來，也許當初打你臉的短線客，在幾年後又淪為輸家，這就是股市有趣的地方，短線的世界就是勾心鬥角，你死我活，誰是最後一隻老鼠，記得一件事，短線在股市中投機時，你的對手是人，當你打敗別人一次後，別人也會進化，如果你不跟著進化的話，很快就換你被打敗了，這也是為什麼短線客能存活到愈後面的愈強，會強到不像話，但他們也深知自己賺的是辛苦錢，會對市場保持的敬畏，為有敬畏市場，短線才有可以保持進步，我曾經是一個很成功的短線客，後面轉型成中長線價值型投資者，如果一個短線客夠厲害的話，他會知道我目前是他未來的歸宿，所以自然不敢來嗆我，唯有一些半調子，可能賺個一兩次，一兩年或幾年的，就自以為天下無敵，四處要找人嗆聲，這種人活得過初一，也不容易活過十五，我在當短線客時，就是保持和目前一樣的習慣，每天會去追蹤籌碼，每天會分析時事，注意國際大事，也會盯盤，看裡面的法人，外資，主力在盤中做了哪一些事，然後分析他們有什麼弱點，也會觀察裡面能作主的主力，法人或外資群，他們相信哪一套技術分析，我說過，技術分析除了是統計外，另一種就是心理面，試想一個簡單的問題，你在一檔10億股本的公司中，市值20億，有一個主力有20億元的資金，今天他相信波浪理論，相信黃金分割，那這兩種理論在這一檔股票中就是金科玉律，就是準則，就是鐵律，但如果你進到另一檔個股中，主力相信均線，相信季線就是生命線，站上就是偏多，跌破就是偏空，那在該檔個股中均線就是無敵指標，當你資金很小時，你可以跟著主力做，也許可以喝點湯，吃點碎肉，但當你的資金成長到1000萬，5000萬，1億時，你在個股中的進出就會影響到整個行情，你買的就是主力賣的，你賣的就是主力買的，你就會從跟隨著變主力的敵人，這時你倆就會開始是敵人的狀態，這就是真實的短線交易情況，這也是為什麼我說，目前的我是短線客最終的歸宿，試想，你當一個成功的短線客到最終，資金一定就是愈來愈大，當你的資金大到主力無法忽視你時，你就成了另一個主力，這時你就要和主力，法人，外資，投信動真格的對戰，以前那一套觀察主力，然後跟著喝點湯，吃點碎肉就行不通了，當你要和法人，外資對戰時，就只能像我目前在鴻海這樣，因為我的資金夠大，我進去佈局後，一定會買掉外資群，主力，法人的股票，你要如何讓外資群，主力，法人跪下來呢？沒有錯，就是中長線投資，基於穩於的立場下，你可以和外資群，法人撐，在等待的過程中，鴻海會一直賺錢給我，這就成了我的底氣，外資群如果不買，那我一年還是能賺到鴻海給我的資產的10%，我根本就不會有任何的弱點，這樣別人就打敗不了你，進化到最後的短線客一定會懂我說的道理，所以敢嗆我聲的人，我百分之一百確定比我嫩，因為我是從短線客進化到中長線價值型投資者，當你在短線的世界中強到極致時，你就會想要反樸歸真，也就是不要再股市中打打殺殺了，也不要隨時隨地的需要再進化，每天和外資群勾心鬥角，單純就是透過買進後並持有，用時間就能穩贏，而且我說過，當你成功後，最後你要追求的就是在你活著的時候永遠保持不敗，總不能你短線贏了20年，結果在第21年破產，那時你剛好六十歲，接下來你就去公園當流浪漢吧，以我來說，我短線成功六年，中長線成功五年，資產足夠我不再需要為錢付出勞動力，接下來我只要一直保持下來就行了，最穩健的方法就是中長線價值投資，因為本金已經夠大了，光每年5%就已經比我的年薪高太多了，更不要說鴻海一年是賺資產的10%，所以學會我的中長線價值投資，基本上十個中你能嗆爆九人，剩下那一個人也不會想和你嗆，因為他會覺得你這方法確實是他最終的歸宿。https://youtu.be/D0g0oX1nImU,62,3,69
13,"['加權指數', '合一', '台積電', '長榮', '邁達特']",連假閒聊,連假閒聊：關於了老粉絲麵包超人的提問：紅K棒跟黑K棒個人見解化解方法以前文章有提過了，可以去翻一下，最少都要隔天吞噬1/2以上或是三天之內沒跌破下緣才有機會止跌，放空者反之亦然一樣顛倒操作而已，某些情況下需要吞噬2/3以上才有可能止跌或止漲，這個通常著重在盤整盤，盤整了一段時間的局突然一根長黑或長紅很有可能只是騙你請君入甕的陷阱，千萬不要看到就立刻跳進去，除非你是拿獲利的錢去買，像我一樣偶爾會跳看看無傷大雅設好停損點就好了另外關於小道瓊這波反彈，截至目前為止小道瓊繼續漲了一百多點，我已經不建議投資朋友在進來，我雖然手握多單，但一不對也有可能獲利平倉反手放空，至於麵包超人提的爆大量其次，先看五日線為主，如果下彎就要開始注意，但不要預設立場會漲到哪裡，因為漲的時候任何回檔都是正常現象，沒有雙長黑K理論上都還有機會化解突然來襲的跌幅最後粉絲在每天只發一篇文章下終於破萬了，沒有每天發文理論上很難經常進排行榜前30，曝光率也會降低，加上沒有賣收費文章或是app或線上課程教學，也沒有藍勾勾的情況下可能等等萬人粉絲就剩99XX退訂，不過有一個粉絲很可愛還貼圖說他是第9999名，真是恭喜了以下開放投資朋友提問，有時間就會回，一切都是免費回答僅供參考最後寫文需要時間，寫文純粹無私分享無收費，支持認同的投資朋友請按讚留言，只要能「獲利」本人多空雙向不會只做單邊，以上文章分享僅供參考，交易前請深思熟慮,111,10,18
14,"['鴻海', '陽明', '華南金', '永豐金', '加權指數']",4月3日！近一季台股及鴻海籌碼面細部分析！,影片第一段來看一下三大法人近一季在台股買賣超的情況，再來看近一季台灣重量權值股的漲跌幅情況，接下來再來看近一季鴻海三大法人進出，主力券商進出及集保股權分佈，這樣就能總結近一季外資群在鴻海的態度，第一季外資群買了台股2242億，卻賣超鴻海13.6萬張，一般人看起來是外資群看衰鴻海，其實單純就是外資群賣了鴻海後買不回去，近一年半來外資群賣了鴻海120萬張，這些股票外資群是很難買回去的，除非就是放開手買，把鴻海股價拉開區間整理區，這時就會有一些軟蛋股東為了賺幾元或是一年股息就把股票賣出，近一季外資群是把鴻海股價打到98元，企圖讓鴻海股東自我心理面崩潰，最終就是顯示外資群太天真了，忙活了一季，當沖，隔日沖及波段賠了這麼多錢，最終還是沒有把股票買回去，鴻海是一間能持續賺錢的公司，時間拖愈久，對裡面的股東是愈有利，外資群第一季沒有買回來，那目標就只能第二季，一般散戶會中價格錨定效應，鴻海理論上是七月會除息5.3元，以目前鴻海除息後，股價又會低於100元，對一般散戶來說，他們看到100元以下的鴻海就會拼命的一直買。影片第二段來看一下網友問是要先買房還是先投資股票，以我個人的經驗來說，如果太早買房，這樣會限制我職場上的發展，有時工作不順利時，如果你買了房子，一來你不敢離職，二來你離職後只能找房子附近的公司，如果你想要找再遠一點的工作，那你又要去外面租房子了，而且買房子需要利息，如果你借一千萬，房貸利率2%，一年利息20萬，你一年年薪如果僅有40到60萬的話，你大部份的薪水光繳利息就沒了，如果連本金一起繳，基本上你是存不到任何錢的，而且目前房子在台灣已經被炒作成金錢遊戲的商品了，還是先到股市中了解金錢遊戲，了解金融負債如何使用，等自己年紀稍微大一點，工作穩定些，薪資及存款稍微多一些，想要買房再去買，以我個人來說，我工作在都市，我退休就不會想要住都市，所以我是不會太年輕就去買房子的。影片最後一段來看一下網友問答，有網友提問說，買了高股息領了股息再拿來複利再投入，這樣是不是就像買鴻海一樣了呢？其實差的老遠了，鴻海賺到的錢僅有配出五成左右，你投資的高股息，有的配出七成，八成，甚至電信股還配出十成，當你拿到股息後，你要繳二代健保，股息納入所得稅，當你的薪資愈高，你拿到的股息要繳愈多稅，當你稅繳完後再拿來買股票，大概可能就僅剩七成了，而公司保留在淨值中的獲利，就僅需要繳5%保留盈餘稅，所以真的是差很多，不要傻乎乎的喜歡什麼高股息，所謂的高股息就是公司不會再成長的保證，就是公司無法拿每年獲利的錢再去創造相對應的錢，才會選擇把獲利通通配出來，有一些人說2019年高股息因為沒有選到台積電才會輸大盤及0050，這不是廢話嗎？台積電就是會再成長，所以不會把賺到的都配出來，所以高股息當然選不到，就會去選一些獲利無法再快速成長的個股，然後配出大部份的獲利，至於鴻海有入選到0056中，那是因為鴻海的股價被市場看衰，僅配出五成的獲利，股息就有5%左右，莫名奇妙的鴻海就成了高股息，但列出大部份高股息的持股名單中，大部份都是配息多數獲利的公司。文章主題內容如下1、近一季台股及鴻海籌碼面細部分析！2、太年輕時買房會限制你職場上的發展！3、高股息ETF逐年再投入股息是否有複利效果？近一季三大法人買賣超台股情況，外資群買超2242億，投信買超645億，自營商賣超223億，三大法人合計買超2663億，台股合計上漲1549點，漲幅12.24%，台股月線15658點，季線15243點，半年線14549點，三月三十一日台股收在15868點，近一個月進場的人賺了210點，漲幅1.34%，近一季進來台股的人賺了625點，漲幅4.1%，近半年進台股的人賺了1319點，漲幅9%，鴻海季線101.43元，現在股價104元，上漲2.57元，漲幅2.53%，鴻海表現略輸於大盤，不過大盤去年下跌了22.4%，鴻海僅下跌了3.94%。看一下這一季大型權值股表現情況，第一季以來漲幅前五名，第一名瑞昱，漲幅37.9%，第二名聯詠，漲幅36.77%，第三名聯電，漲幅29.98%，第四名南亞科，漲幅29.88%，第五名亞德客-KY，漲幅27.28%，跌幅前十名，第一名萬海，跌幅14.48%，第二名豐泰，跌幅6.54%，第三名長榮，跌幅2.76%，第四名台化，跌幅1.99%，第五名陽明，跌幅1.83%，第六名中信金，跌幅1.13%，第七名統一超，跌幅0.92%，第八名永豐金，跌幅0.9%，第九名華南金，跌幅0.45%，第十名第一金，跌幅0.19%，第一季以來大盤上漲12.24%，0050上漲10.34%，台積電上漲18.84%，鴻海上漲4.1%。去年下跌很慘的，今年表現的的就還不錯，不過那些個股是還沒有把去年下跌的幅度漲回來，而鴻海已經把去年下跌的部份全部都漲回來了。第一季外資群買超台股2242億，卻賣超鴻海13.6萬張，三大法人買超台股2663億，賣超鴻海13.62萬張，不過鴻海股價卻從99.9元漲到104元，這就是一家有價值公司的威力，鴻海股價已經在淨值以下了，外資群因為自己看錯了，拼命的在那貫殺，壓制鴻海，最終就算賣了13.6萬張，鴻海股價還是上漲了4.1元，其實在1月時我就和大家說過了，外資群強力的賣超11.4萬張的情況下，鴻海股價僅下跌0.2元，在二月時還是賣超4.07萬張，股價上漲1.3元，我就說那是底部區會有的情況，有一些線仙，看到鴻海的技術線型在所有均價以下，外資群清一色賣超，就在那說98元是最後逃命機會，現在那個人就成為了一個笑話，一家能每年賺資產10%的公司股價還在淨值以下，這種公司竟然有人覺得在淨值以下很危險，說不賣就來不及，我真的不知道他小學到底怎麼畢業的，說自己國外留學回來，有很漂亮的學經歷，結果竟然連小學數學，100加10等於多少都不會，這樣的人就是書讀到背上去了，有一些人知識水準很高，但就是會掉進知識水準更高的人設的陷阱，如果你對投資沒有像我這樣融會貫通，是很難在股市中打敗外資群的，想要使用大資金，大部位打敗外資群，你必需要基於時間就能穩贏的情況下和外資群對戰，不然外資群會耍很多把戲及手段，畢竟外資群手上有最好的電腦，有軟體，有資金，有籌碼，還有一大堆每年會付給他們管理費的死韭菜，外資群就沒有後顧之憂，可以每天在股市中執行策略，以第一季來說，外資群在裡面買來賣去，當沖，隔日沖賠了一堆錢，手上也沒有買到比較多的股票回去，那你覺得外資群會很慘嗎？不，一丁點也不，外資群還是照樣的領薪水，領獎金，還能到網路上搖擺倪倪的說自己年薪很高，領很高的獎金，外資群不論輸或贏都能有薪水及獎金，如果你的策略不夠好，他們只要使出自殺式攻擊，很快就能整到你自我心理面崩潰，我舉個例，在台股中有很多公司股價距離淨值很遠，假設淨值113元，一年賺39元，股價530元，如果外資群要整你，就算公司下一年賺40元，下一年股價可不可以僅剩500元，這時有人說，公司明明賺了40元，不是要股價530元加上40元嗎？但公司淨值僅有113元啊，一開始你買進時，股價和淨值之間的四百多元的獲利就先被拿走，哪怕下一年公司賺40元，股價跌個30元，這也是可以的，下一年淨值變153元，股價500元，這樣有人說不行嗎？再下一年，公司賺了50元，股價跌到400元，這樣行不行呢？當然是可以的，下一年淨值變193元，股價400元，什麼？你不信，你看一下大立光，當初淨值六百多元，股價六千元，大立光接下來三年賺了六百多元，股價跌到兩千元，之後更是跌到一千六百元，明明賺了六百元，結果股價跌了3000到4000元，這就是外資群壞的地方，如果股票在他們手上，他們就吹的大立光一付會飛似的，股價就一直拉抬，一直拉抬，當股票落到散戶手上時，就一直貫殺，一直貫殺，哪怕三年賺了六百元，股價一樣可以跌個3000到4000元交個朋友，今天換到鴻海，淨值104.65元，股價104元，一年後賺10.5元，淨值來到115元，外資群敢貫殺到100元嗎？如果敢，那單純就是他們蠢，淨值及股價之間的獲利沒有被拿走半毛錢，外資群在大立光，台積電，聯發科，台達電等個股能使用的招式，在鴻海就不能使用，哪怕外資群耍賤到底，一年鴻海還是要賺資產的10%，配出5%，淨值增5%，外資群敢賣100元，單純就是賤賣，別人買到，一年就能賺資產的11%，12%，還免費送你一年鴻海的獲利，這種佛心來著的事，你就該跪下來，然後和外資群說，謝謝你們，把一些買基金，ETF韭菜們的錢拿來無償送我們，真的是感謝，再感謝。近一季主力進出鴻海情況，賣第一名的是美林，賣了30736張，賣第二名的是瑞銀，賣了30422張，賣第三名的是富邦，賣了29156張，賣第四名的是高盛，賣了25616張，賣第五名的是港麥格里，賣了25167張，賣第六名的是花旗環球，賣了21629張，賣第七名的是大和國泰，賣了21315張，賣第八名的是元大台北，賣了17324張，買超第一名的是凱基台北，買了14843張，買第二名的是上海匯豐，買了10446張，買第三名的是元大，買了9595張，買第四名的是國泰，買了7894張，買第五名的是小摩，買了7816張，大摩僅是買超第九名，買了5539張，大摩在二月到三月明明買了六萬張，從這裡可以得知，大摩在一月時是賣超了五萬五千張，近兩個月是把賣出的買回，大家看賣超前幾名的美林，瑞銀，富邦，花旗環球，他們確實就是每天在那壓制及貫殺鴻海，這就是我說的，外資群或主力賣了後他們就會偏空，會貫殺，會壓制，一賣一買成交易，外資群賣了，代表投信，自營商或散戶買了，但從第一季三大法人進出來看，三大法人第一季是賣了鴻海13.62萬張。接下來我們看一下近一季集保股權分佈，鴻海股東人數僅增加1320人，千張超級大戶少了19人，股票少了65043張，股票都被5到400張以內的中實戶買走了，尤其是5到200張的中實戶，外資群近一季在鴻海中買來賣去，一丁點都沒有影響到散戶及中實戶的信心，這些散戶及中實戶就是有錢就買，沒錢就抱，外資群就只能在裡面鬼打牆的一直賠錢，時間對作多的人有利，鴻海一年能賺資產的10%，一個月平均能賺0.83元，一季賺個兩元多不是問題，上半年賺少一點，下半年賺多一點，外資群在鴻海中耍了一季的把戲後，就是讓更多的中實戶把股票買走罷了，接下來鴻海有ChatGPT的題材，這比電動車更快發酵，鴻海原本的ICT產業就能賺資產的10%，今年加上人工智能的網端計算產品大爆發，算是另一項佈局爆發，之前劉董說F3.0(轉型升級)，包括電動車，數位健康，機器人，核心技術，半導體，人工智慧及5G，有一些人覺得人工智能及5G都沒有看到，當你看到後，就是營收獲利爆發的時刻，鴻海今年會發射一顆低軌道衛星，這也是為了新世代通訊佈局，雖然鴻海把亞太電信賣給了遠傳，但不代表鴻海就完全放棄新世代通訊的商機。https://youtu.be/D0g0oX1nImU,81,3,92
15,['合一'],新藥授權領域的幾件常識及資訊分享,關於生技新藥授權需要了解的幾件事相關資訊分享 僅供參考若有錯誤 歡迎不吝指正新藥研發投資存在高度風險買賣風險自負1、License-out模式是指企業進行藥物早期研發，然後將項目授權給其他藥企做後期臨床研發和上市銷售，按里程碑模式獲得各階段臨床成果以及商業化後的一定比例銷售分成。2、與研發相比，License out能與合作方在研發端實現優勢互補、降低新藥研發風險，又能在銷售端借助國際藥企的銷售網絡，使國產創新藥更快地打入國際市場，獲得豐厚的現金流回報。3、對於License out需理性看待幾件事第一，不要迷信「交易總額」。License out的交易總額中一般包括首付款、里程碑費用以及銷售分成。其中里程碑費用又分為研發里程碑費用、商業里程碑費用。交易總額意味著產品未來潛在價值的大小，首付款則更多意味著買家對該產品未來價值兌現概率的判斷和信心。在關注「上限」交易總額的同時，也應該關注「下限」，即首付款的金額大小這是一個很重要的指標如圖一 為中國大陸近年來 L/O交易首付款的排行榜如圖二 為中國大陸近年來 L/O交易總額的排行榜兩者有很明顯的不同如圖三 為中國大陸近年來L/O交易的研發階段及交易金額資訊其中有抗腫瘤的三期臨床後到上市階段的創新藥物其首付款有兩筆都超過了4億美元當然臨床階段越到後期其價值越值錢了4、第二，要考量受讓方的兌付能力。對於很多的生技新藥股的License out 之所以無法帶動股價，還有一大原因在於受讓方的付款能力。若受讓方的市值並不高在國際藥企的知名度或醫療通路能力普通並不強且該公司的現金及現金等價物總值或只約等於首付款要付首付款就不是那麼容易且大概率是需要融資則這樣的授權案最後可能變成雷聲大雨點小的狀況了5、知己知彼 百戰不殆去年2022年，據不完全統計，中國大陸創新藥License out交易44起，披露的交易金額達275.50億美元。2023年開始在短短一個半月的時間里，中國大陸藥企已經達成License out交易8項，累計首付款約5億美元，總交易金額超50億美元。如圖四 PO於回應處中國大陸創新藥的L/O從2021年起進入了高速增長趨勢的新階段整體新藥創新實力這兩年有了長足的進步這是台灣生技新藥產業需要警惕的我們必須要持續努力不懈的研發才能在全球生技產業嚴酷的競爭下進一步的脫穎而出相信合一的研發團隊實力及持續的奮鬥不懈未來這幾個創新大藥不會讓我們失望的6、今年2月12日恆瑞醫藥將抗腫瘤藥品SHR2554（EZH2 抑制劑）大中華區（包括中國大陸、香港、澳門及台灣）以外的全球範圍內開發、生產及商業化的獨家權利成功License-out，海外受讓方將向恆瑞醫藥支付1100萬美元的首付款，後續還有不超過4500萬美元開發里程碑款以及不超過6.5億美元的銷售里程碑款。7、2月13日石藥集團宣佈旗下子公司石藥巨石生物與Corbus Pharmaceuticals訂立獨家授權協議，將重組人源化抗Nectin-4抗體藥物偶聯物SYS6002在美國、歐盟國家、英國、加拿大、澳大利亞、冰島、列支敦士登、挪威及瑞士的開發及商業化獨家授權給Corbus。Corbus將支付750萬美元預付款，1.3億美元開發及監管里程金，5.55億美元銷售里程金，以及一定比例的銷售分成。合同總金額達6.925億美元。石藥集團對外授權的預付款以及合同總金額都不算很高，主要原因大約在於授權的 ADC藥物尚處於臨床1期階段，後續進展如何還有待觀察。8、本次的法說會內容讓合一班討論氣氛熱烈果然只有未來的合一能超越現在的合一雖然對短投當沖急於賺價差的新同學來說諸多發展進程落後不如預期讓他們想一把賺快錢的規劃落空但對長投及波段操作者來說這次的諸多新藥進程其實是中性偏多的總結此次的法說會個人覺得合一的on101已正式跨出台灣前進世界開始打世界盃了雖然這只是一小步當Bonvadis 正式出口到美國的這一刻後他的未來價值出現了更多的想像空間當然未來的考驗必然不缺的但從出貨美國到印度醫材銷售為量化指標到歐盟醫材已接近至最後階段我們看到幾個全球大市場的准入指日可待這價格的想像空間也就自然生成了9、而在技術面的訊號早已說明了一切他們是前語者葉大的近期幾篇精彩好文請不要錯過了別認為又是一次雞湯文了或許大人們希望同學們都這樣認為吧那這34個月來他們用心良苦的在技術面及籌碼面及技術指標所營造的絕佳大波段漲勢被很多人輕忽過的絕佳機會就這樣放過真的可惜了雖然不知道何時啟動請記住不追高的原則周四開盤後若盤中遇急跌價格越往長期均線糾結處都是很棒的波段買點但部位不足的該補的動作總是必要的此時耐心等待 這遲早要漲的氣勢或許已不用太久10、雖然藥證及授權的實現不如預期但營收獲利的增長今年實現的機率已大大的提高了當大家都不期望藥證及授權時反而才會有意料之外的收穫放下這樣的期待不要被這樣的情緒氛圍影響輕鬆的心情等待每個可能突襲而至的好消息轉念學習去享受這樣的消息帶來的成就感合一這個金剛獅子遊戲佛遊戲人間接近3年了總會變回他原本的王者本色的時間不遠了沒票的先買一些吧別錯過了關鍵時刻共勉之,303,1298,42
16,"['加權指數', '合一', '長榮', '台積電', '元大台灣50反1']",目前國際股匯市和商品行情 今年飆股的條件及交易方式自我檢討,"目前國際股匯市和商品行情有利多頭，飆股的可能條件及交易方式自我檢討國際股匯市和金融商品先行掃描一下國際油價大漲超過6%國際金價多數時間持續在2000美元以下盤整比特幣持續在28,000美元上下盤旋美元指數雖然反彈（技術指標KD已經向上）但還在103以下美股期貨市場道瓊指數和納斯達克指數漲跌互見整體而言，國際油價漲、國際金價和數位黃金比特幣盤整格局，仍相對有利於風險性資產的投資，但有興趣的依舊可以持續留意是否地緣政治的風險有提高的可能。今年台股市場中可能會成為飆股的條件：1. 有即時性的而且相對爆炸性的題材（不管是基本面還是非基本面都有可能）2.技術面中長期已經打底完成而且毫無瑕疵3.籌碼面的主力控球或是有心人士持續加碼尚未中斷4.成交量看得出來已經被控球一方的主力和有心人士吸納很多5.股價上漲已開始出現而且成交量不再需要特別的大，股價卻是可以呈現輕飄飄的上揚交易方式的自我檢討1. 既知買 當知賣；買賣本是一體兩面，猶如漲跌一樣，有跌才有漲，有漲才有跌，共存共榮發展。既然知道怎麼買，也應該知道怎麼賣才對！常聽到一種說法，就是一旦您自己當時買的條件已經不存在了，是不是就應該要賣掉？！除非又有新的買的條件，所以一直抱著，接著股價的波動卻還是一樣的話，或是買進的條件不存在了，是不是就應該賣掉？然而，很多情況是買進的條件都還在，但是股價都沒動，那麼是不是影響這檔個股的股價因素並不包括這個條件，或者是這個條件一直到現在並不足以強大道可以馬上看到股價的向上大幅波動。我們可以有很多千百萬個理由來解釋，然而不管是短期或中長期的投資者，沒有不期望著持有的標的是往上增值的，不可能有人希望而且也發生在自己持有的標的價值是向下👇減少的。2.股票價格的變動本來就有三種基本的形式，大盤局和上漲趨勢下跌趨勢。永騰前文目的之一是要告訴自己 ，投資的最高境界根本就沒有方法，也可以說買跟賣都是出自於自己的直覺感應、感覺和相應 ；沒有一定的方法，就算只有一種方法，能夠持之以恆且力行不輟、實證時修，功效必然發生。網路上可以查到不少的交易方式，所附的表格是一種分類，所謂的左側交易就是在股價跌至最低之前（以圖示的話，買進的時候就在股價最低點在左側）一路跌一路買的方式（開始確定漲上來的時候就一路漲一路賣），相反地，就是右側交易方式。不管您使用的是左側交易或是右側交易方式，通通涉及到您個人的價值判斷 ，能判斷出合理的價格，才有可能知道您現在是要小買(賣) 還是大買(賣)還是觀望，就算您不知道合理價格是多少，但使用您自己的方法若是知道現在是要上去還是下去的趨勢，就夠了！然後就是執行，只是這樣子用自己的方法所見的股價會上去或下去，又是可走多久?走多遠?這都會影響到您的荷包的。這一次連假長達五天，也等於是小過年了（農曆年期間10天）不妨試試看，改變一下自己的生活習慣（如果您覺得現在的日子過得不太好的話，或是不如預期的順遂的話！）好股好公司為何遲遲未能大漲?簡單說是時機未到，專業用語說是資金尚未全部簇擁而上。如何推斷一檔個股或標的尚未結束多頭行情?就跟看轉折一樣，是一體兩面的事！事後論分析每個人都是股神都是分析師，然而這也是難免，大部分人都喜歡跟人家表示自己懂得地方，只不過大多數是自認為懂得地方，真的懂不懂，市場是最好的裁判。4/03辰時上僅個人筆記可供參考研究但非買賣建議進出自負盈虧願你所願的永遠 走你所走的長路《如願》永騰持續無條件式的視機給予P幣相信大家都是富足而豐盛的被動收入取之不盡用之不竭會買的是懂得運用知識會賣的是智慧福氣俱全完全接收與進步的過程:不看則已 看了自明 一念再看可以 雜念不如不看",156,110,41
17,['雷虎'],NaN,請問各位大大們，連假過後週四開盤，雷虎走向如何呢，軍工股雷虎還有戲嗎⋯⋯,NaN,0,9
18,['元大台灣50反1'],經濟衰退預計將在下週開始,04022023週日晚上理論看法更新：總體經濟左線預備、右線預備、全線預備（Season 2，Episode 31）。本集劇名：「準備迎接翻天覆地的第二季」一、翻天覆地的開始1.預計美國經濟將在 2023 年第二季度進入衰退，季對季（QoQ）的衰退。2.標準普爾 500 指數仍然被高估，盈利預期尚未反映出即將到來的衰退。3.因此，有相當大的下行風險。二、第二階段衰退性拋售即將來臨1.整個熊市分為三個階段：A.第一階段是美聯儲引發的流動性拋售。 在第一階段，美聯儲收緊貨幣政策，資產價格泡沫破滅，本益比縮水。 2022 年的拋售是美聯儲引發的流動性拋售，導致標準普爾 500 指數本益比從 35 倍收縮至 18 倍，並打破了加密貨幣、迷因(meme)股票、科技和其他投機性押注的泡沫。B.第二階段是衰退拋售。 美聯儲的緊縮政策通常會導致經濟衰退，企業盈利下降，本益比將進一步收縮。 正如筆者將在本文中解釋的那樣，我們即將進入這個階段。C.第三階段是由更深和更長的衰退引起的主要信貸緊縮，在此期間信貸利差飆升，因為過度槓桿化的企業/消費者/政府部門貸款違約，對沖基金因追加保證金而崩潰，交易對手風險凍結信貸市場。三、右上圖這是追踪標準普爾 500 指數（SPY）的 ETF 的圖表。1.由於貨幣政策收緊預期，流動性拋售始於 2022 年的 1 月， 2年期債券殖利率的上升。 基於“美聯儲轉向”的預期，出現了兩次主要的熊市反彈。 2023 年 3 月的銀行業危機是一個轉折點，它將流動性拋售轉變為衰退性拋售，由此產生的信貸緊縮，它將成為經濟衰退的催化劑。四、經濟衰退何時到來？讀者總是想知道時間：經濟衰退什麼時候來，會持續多久？ 筆者不試圖預測實際時間，但會在初步信號出現時做出反應。 筆者也密切關注華爾街分析師的意見和研究，只是為了確保筆者的意見不那麼與眾不同，儘管筆者確實傾向於先於他人看事情。五、這是目前華爾街共識的樣本：1.世界大型企業聯合會(The Conference Board)，認為經濟衰退將從 2023 年第二季度開始，持續三個季度，直到 2024 年第一季度。（如右下圖所示）2.以下是引述和最近的預測：A.2022 年末美國 GDP 增長超出預期，2023 年初數據顯示出意想不到的強勁動能。 美國經濟，尤其是美國消費者，抵禦了高通脹和利率上升的雙重不利因素。 因此，我們將 2023 年第一季度的預測上調至 1%。B.然而，我們繼續預測美國經濟將在 2023 年陷入衰退，並預計 GDP 增長將從 2023 年第二季度開始連續三個季度收縮（QoQ)。這些季度預測的變化導致我們對 2023 年的年度預測上調並下調我們對 2024 年的年度預測。2.貝萊德(Blackrock) 截至 2023 年 3 月 27 日的每週評論，不僅看到經濟衰退即將來臨，而且看到美聯儲在經濟衰退期間保持貨幣政策緊縮：A.由於銀行業動盪和美聯儲暗示即將暫停加息，市場已迅速消化降息。B.我們今年不會降息。因為這是央行在經濟衰退來襲時，急於拯救經濟的老套路，但是現在行不通了。 現在他們正在引發經濟衰退以對抗粘性通脹，在我們看來，這使得降息變得不太可能。 由於我們預期不會降息，股市卻仍然在一種即將降低利率的夢幻中上漲。C.這是一個樣本，但它代表了華爾街的共識，美國經濟很可能陷入衰退，可能在 2023 年第二季度——也就是下週。 此外，華爾街似乎同意美聯儲的看法，儘管經濟衰退，但今年不會降息。六、對標準普爾 500 指數的影響1.標準普爾 500 指數正在退出美聯儲引發的流動性拋售，遠期本益比(forward PE ratio)仍被高估為 18。更重要的是，自下而上（bottom-up）的分析師並未下調標準普爾 500 指數的獲利，亦即，目前實際的本益比可能更高。 因此，我們不僅可以預期因企業盈利預期下調而導致的拋售，還可以預期因本益比的下修（導因於企業成長趨緩或衰退的下修），進一步收縮至15的水平而導致的拋售。 因此，標準普爾 500 指數存在相當大的下行空間。2.右上圖顯示 SPY（SPDR標準普爾500指數ETF)，2月以來，一直在 385到415點之間，狹幅盤整。有點類似台股一直在15600上下300點的區間波動。3.去年10 月的底部的反彈，是由於預期的美聯儲可以順利控制通膨，且預期經濟可能軟著陸，筆者當時也認為這是一種可能的情況，所以市場開始反彈，貌似多頭的回升。但根據目前最新的總體經濟轉變，上述的情況是極不可能的，因為經濟衰退迫在眉睫。4.SPY 在 2023 年年初至今上漲了約 5.5%，但漲幅不成比例地受到通訊（Communications）、 非必需消費品（Discretionary）、 科技股（Technology）的推動。 這可能是由於特定的 AI 主題，也是由於自 10 月以來較低的債券市場預期利率，因為市場不信任聯準會，但筆者認為這主要是從 2022 年的深度拋售中出現的熊市反彈，並受到空頭回補和散戶投資者流入的推動。5.事實上，高盛在 Market Pulse 3 月號中指出，今年的股市表現是由空頭回補驅動的：A.今年的反彈是由空頭回補推動的，推動了流動性的回升。B.我們預計動能和技術因素將進一步加劇市場波動。七、下一步是什麼？1.更重要的是，財報季將不得不通過公司，尤其是銀行的盈利指引下調，來支持預期的盈利下降，銀行必須確認預期的信貸緊縮。2.從長遠來看，所有衰退都以政策支持結束：貨幣和財政。 然而，這一次，貨幣政策支持受到粘性通脹的限制，筆者預計由於去全球化趨勢的發展，通脹將保持在 2% 的目標之上。 此外，美國政治領域的政治分歧，將很難通過任何有效的政策支持——尤其是在 2024 年大選之前。 在筆者看來，這增加了更深更長時間衰退的可能性。附註：筆者才疏學淺，必有考慮不周之處。歡迎留言、互相討論、一起思考、不斷修正、不斷進化。,349,96,82
19,['總太'],NaN,會漲到多少？,NaN,0,17
20,['長榮'],NaN,假日隨便寫［有關即將徵收的航運碳費］歐盟和非歐盟港口之間航行的船只支付所涵蓋的排放量百分比，將随着時間的推移而增加，從2024 年的 40%開始，到 2025年達到 70%，到2026 年達到100%。這些數字仍需要在下一輪談判中得到成員國的確認。...........................如果說是台灣自己在玩減碳這玩意，大家不當一回事或許有可能，畢竟國內各產業鮮少提及此事大概就兩年前看到一個裕隆規劃減少碳排放將在三義廠區佈建太陽能預計在2024年達到電力自給自足2018從長榮開始的航商大造船，從下單到交船通常2-3年，目前長榮第13艘2.4萬TEU大船都排到2026年去了，十大航商造那麼多船，在傻空眼中，航商都傻子，這是一個令人莞爾的想法航商龍頭地中海（MSC）的在訂新船運量沒記錯的話足有目前2.5個長榮近10個萬海之多，其中雙燃料船比例很高，其它航商亦同砸了那麼多錢改朝換代，哪個航商不想碳強度指標（CII）認證分級趕緊實施，嚴格實施？ 好讓沒有準備的競爭對手退出，趕去做野雞船/撿回收2024，也就明年，開始收錢了*****************我說長榮營收還能創高，有人笑了為何不能？ 當然不是今年而且有幾個條件是要達成的1.張家兄弟的分家，是進行式巴拿馬長榮國際是傾向解散的，而長榮海運的總運力有3-4成在巴拿馬長榮旗下，早在2021年下半年，我們版上的老水手（甲板大）就曾提出質疑（長榮的運力，照算營收應該是800億），我們合併後期羅漢大的運力分配分析，以上，不就說通了2603並不是持有長榮海運全部166萬TEU的運力，有3-4成在巴拿馬長榮國際下面，營收不計入［2603］，所以，巴拿馬長榮的運力在分家解散後，運力都併進2603，營收不創高嗎？ 不然運力要跑去哪裡？長榮2021的實收平均運費僅在3000元以下造就連續2年的佳績，光憑運力整合至100%，營收就只待東風起，600億小事....................2.航運碳排放分級必行最上面有一段詳解了，如果認為航商都傻子，那就傻子吧...長榮在碳排這方面的準備，面對因碳費產生的收益，不是第一也是第二了....................3.長榮多角化增長規劃在1985年長榮海運是（世界貨櫃航商龍頭）後傳因為專注發展航空事業，貨櫃航運規模被其它航商快速超越，長榮想迎頭趕上嗎？ 好像正在努力馬士基，地中海，達飛，赫柏羅德等等..除了貨櫃，還將產業上下游逐步整合，此次造船，前任龍頭馬士基相當保守，不是看多壞前景，而是表明將持續擴大上下游物流整合營運，算過好幾次它們的營收數字，我們三雄真不是一個收入等級的投資重要航線的碼頭，新造巨輪主攻歐洲航線，加大轉投資，長榮不也正在這樣發展，何時獲利能趕上其中一個就好，加油吧！只看運價的智空大師們需要再進修一下了長榮難道不算台灣之光嗎？不投資，也沒必要打擊******************最後股價，真的很難說背後那股力量還真不小新聞又在隨便亂寫，什麼除息每股要繳20元稅都出來了，工商時報，真爛，太爛了,78,150,14
21,"['加權指數', '合一', '長榮', '台積電', '邁達特']",NaN,先謝謝你們的告知 🙏🏿小羽感激在心-越來越多人盜用小羽的圖和資料了以前就發生過最近更是猖狂 ⋯如果你們也有發現的話可以跟我說我會讓他們知道原作者發現了這件事情目前這兩件他們都把文章刪了！-之後圖片會上浮水印啊如果連浮水印都被拿掉那我也是暈倒 🥲🥲🥲,34,0,7
22,"['加權指數', '台積電']",閒聊-兄弟來訪，吃個冰,要加錬乳室對的天气熱,75,0,20
23,['復華富時不動產'],NaN,00712附圖3/24-3/30的利息+平準金收入還有後續很多利息收入進來，下次6月份配息應該是蠻不錯的！,NaN,0,2
24,[],NaN,NaN,74,23,15
25,"['仲琦', '天宇', '材料-KY', '神準', '緯穎']",小羽來畫圖 🎨,這系列今天還有三篇 ~中場休息一下小羽出門曬曬太陽晃晃 (都快沒太陽了-大家假日有出去玩嗎 ?可能因為之前行業的關係假日休息的機會不多，更別說連假也就養成我不習慣連假出門的習慣 😅-晚點要來整理四月個股、波段交易記事本、小羽ETF還好有連假讓我做這些功課 😎趕快 🔍 羽制金石有滿滿的 💰💰💰 喔-💙 喜歡小羽的話記得按下追蹤🌞 YouTubehttps://youtu.be/KaC4hODIS2A,48,2,18
26,"['陽明', '長榮', '萬海']",NaN,主力狂賣！散戶狂接！？籌碼不利股價後勢，感覺要繼續跌了..,NaN,0,2
27,['長聖'],NaN,列入觀察(尚不予積極推薦)4/3笑傲整理可觀注6712長聖國際未來的發展--1. 長聖屬再生醫療龍頭，發展癌症重症新治療法，用免疫細胞、幹細胞取代藥物殺癌治療法。屬產業利多。目前有7項新藥臨床試驗計畫進行中，但是靠著細胞治療「特管辦法」的已有44件核准案件。2. 免疫細胞療法再生二法將通過，以縮短研藥時期，2期就能使用藥，不用太過耗時。屬政策利多。3. 股東背景強大—第二大股東為晟德老闆林榮錦(生技之父之稱)，持股為13%；中國醫藥學大學醫療體系的創辦人蔡長海全力支持，16.5%持股，為最大股東。長聖因為有中國醫藥大學暨醫療體系董事長蔡長海及醫師群的投資與支援，而有了最堅強的後盾。不僅因為再生醫療是新穎的領域，醫院的支持至為關鍵，更重要的是，蔡長海政通人和，不僅在醫療產業有地位，過去因為投資股市與房地產，更是累積相當多的人脈，金流支援無礙。董監持股目前為31.25%。大戶佔比稍不利，僅佔40%，散戶佔6成。籌碼稍亂，形成你丟我撿的拉鋸戰。就看未來實質發展的支援?4. 長聖屬已有獲利的生技醫療開發公司，在衛福部核准的免疫癌症治療案件中，長聖占 3 成以上、採用的病患已超過 500 位，病人治療檔期已排至今年第 3 季。此外，長聖去年 3 月獲衛福部核准、領先同業推出 GDT 免疫細胞療法（一種新型免疫細胞療法），並且積極布局 CAR‒T（透過基因工程改造病人的自體免疫 T 細胞，強化其殺死癌細胞能力）領域，已規劃於一期人體臨床試驗將完成時，再對外授權。CAR授權金預期潛藏有10億美金(300億)的價值。5. 股權集中否?大股東佔比往下走，2021年初的60%降至目前的40%以下，也導致股價曾在興櫃被拱上500虛胖，那些先期投資的醫生、市場大戶紛紛拋售獲利了結，而跌至目前的200-220元。籌碼有較分散的缺點。就看未來長聖的利多進度實現程度?笑傲建議:尚未到積極布局的契機，可列入長期追蹤。,31,0,7
28,"['友達', '群創']",NaN,2月TV品牌出貨盤點：全球微增1%，韓系品牌下滑超15%，陸系品牌增長近20%DISCIEN迪顯 2023-04-02近年以來，受海內外經濟形勢多變的影響，TV出貨在不同區域市場和時間週期內呈現較大波動。據迪顯統計數據顯示，今年1月，受春節假期和全球需求持續性不振的影響，全球TV出貨同比下滑13%。到2月，對應去年同期春節假期的影響，儘管終端需求未見明顯復甦，但在基數襯托下，2月全球TV整機出貨16.1M，同比微輻增長1%。區域表現國內市場：2月出貨3M，同比增長20%，1-2月累計下滑9%。今年中國經濟處於疫情后的調整修復期，在疫情徹底放開的初期，消費者對此前被壓抑的即時性需求如旅遊表現出更大興趣。而TV在內的電子消費品，因宅經濟的徹底結束，以及居民短期消費偏好的轉移，需求被延遲兌付。因此，1-2月的累計出貨中，中國市場出貨表現下滑。但隨著疫後消費行為的正常化及消費信心的漸進改善，今年中國TV出貨有望在去年規模探底的基礎上實現增長。海外市場：2月出貨14M，同比下滑2%，1-2月累計下滑6%。其中因東歐戰爭和製裁的持續及西歐經濟深陷衰退的影響，歐洲出貨同比下滑15%，歐洲出貨的大幅下修是拉低2月海外出貨總規模的重要原因。除此之外，拉美、中東非、日本市場2月出貨同比維持下滑態勢，但降幅較1月有所收窄。在海外諸多區域出貨欠佳的同時，北美和亞太2月出貨較為強勁，同比增幅均達9%。北美增長主要原因是Local品牌零售端需求恢復，渠道庫存消耗至較低水位，在當下面板價格看漲的敏感時期，補充渠道庫存的需求更為迫切。亞洲則更多是由需求恢復所拉動，東南亞和印度今年展現出較強的經濟復甦前景，去年大陸品牌在亞太區域實現了規模的大幅增長，今年品牌仍相對看好亞太市場並在此尋求出貨規模的進一步突破。品牌表現三星：2月出貨2.9M，同比下滑18%，相較於1月出貨降幅略有收窄。基於Q1 TV出貨淡季的季節性因素，以及歐洲市場的頹靡和北美市場的需求暫未出現明顯反彈的考量，三星1-2月出貨較少。但到3月，三星出貨回暖，預期將達到去年同期出貨規模。海信：2月出貨2M，同比增長68%。海信2月出貨暴增與春節假期調整出貨節奏密切相關，累計今年1-2月，海信出貨同比增幅收斂至12%。國內市場，因春節假期而延發的貨物積攢至2月，導致2月出貨大幅增長。海外市場，海信品牌仍是出貨主力，約佔海外總出貨的80%。子品牌東芝此前處於擴張起量階段，規模快速成長，近期增速則略有放緩，2月同比增長44%，略低於海信品牌60%以上的增幅。整體看，海信2月海外出貨同比增長近60%，除中東非區域外，其他市場均呈現大幅增長。TCL：2月出貨1.6M，同比增長14%，1-2月累計增長8%。國內市場，TCL 2月出貨30萬左右，同比去年出貨增長75%。海外市場出貨134萬，同比增長6%。其中歐洲市場增長強勁，同比增長近20%。主要原因是東歐韓系品牌退出俄羅斯市場形成的需求空缺為大陸品牌提供了良好契機，同時TCL在西歐市場也正處於市場培育階段，增長空間較大，東西歐的合力下，TCL展現了較好成長性。 LGE：2月出貨1.6M，同比下滑18%。LGE在歐洲市場出貨大幅下修，2月出貨規模由去年同期的82萬下滑至45萬，同比降幅近45%，歐洲的受創是導致LGE規模縮水的重要原因，儘管拉美和亞太出貨 增長也難掩歐洲規模缺口。小米：2月出貨0.9M，同比增長2%。今年1/2月，小米保持與去年相同的出貨節奏，出貨量均與去年同期規模相當。國內市場，2月出貨同比增長11%，但海外市場中亞太和西歐表現疲乏，合計出貨下滑24%，也在一定程度上拉低了小米2月的出貨增速。今年2月春節假期結束，疫情影響也早已消淡，對比去年同期春節的階段性停工停產和疫情對生產出貨的擾動，今年的“硬環境”更好，理論上可以對沖1月規模的下滑。但全球經濟的弱復甦態勢下，2月增長動力明顯不足，實際出貨僅微輻增長，更是難以酌盈劑虛。但隨著時間的推進，新興市場消費信心的持續性改善；國內經濟復甦帶動消費增長；東歐超低出貨基數+戰爭制裁影響邊際遞減；西歐深陷衰退但出貨降幅有望收窄；美洲渠道庫存低位，今年將進入Local品牌和渠道商備貨新周期。多項因素的作用下，TV出貨同比有望改善，全年出貨規模有機會實現增長。,37,0,20
29,['大同'],NaN,可以進場買了,NaN,0,6
30,['緯創'],NaN,在車上的同學，除了破10日線賣出之外，大家來預測一下緯創四月底前可以到達哪個價位?,NaN,0,17
31,"['飛宏', '材料-KY', '聯電', '旺宏', '陽明']",小羽來畫圖 🎨,2457 飛宏*支撐先觀察60.2，跌破看58、月線壓力在下彎布頂、64.8-🔍 羽制金石💙 喜歡小羽的話記得按下追蹤🌞 YouTubehttps://youtu.be/KaC4hODIS2A,47,0,18
32,['鴻海'],NaN,靠眼球賺錢的你說他在投資的領域有多厲害你自己用點腦想一下答案應該很明確又有人說鴻海庫存過高對目前的庫存是近年來的新高但這能代表什麼一般品牌廠庫存過高，真的要好好想想後續的獲利問題但你們這些酸民沒被我封鎖的你有買又有看到算你好運你們看不起的鴻海請記清楚它是EMS的製造王者庫存高並不一定是壞事在疫情作亂之下料況不備多一點怎麼有辦法常常撿到別人無法做的單第四季庫存爆增有做功課的也知道是為什麼就算你不知道鴻海就是個代工廠存料多就算今年生意一樣之後的料不要備那麼多就好庫存跟現金有差嗎？又不是體質不的公司沒辦法週轉講到這聽懂的就聽懂不懂沒關係因為（對你說的都對）我們好笨買了幾千萬還要你這窮酸替我們擔心,21,3,6
33,['昇達科'],NaN,請問前輩們～上週五我買在高點188但收盤在174出現黑K棒請問週四我該賠錢賣掉嗎？還是放久一點🙏🙏🙏🙏🙏🙏（感恩您的回答謝謝,NaN,0,3
34,"['加權指數', '合一', '長榮', '台積電', '鴻海']",AR HUD,接續3/13的文章內容做延伸各位粉絲朋友們連假愉快很開心2457飛宏不斷創下新高「現在沒有，但在未來的世界會很普遍的東西」這是中長線選股策略的魅力也是我在做中長期投資所信守的計劃不知道各位在這段時間有沒有去腦力激盪？思考看看還有哪些產業題材是符合這樣的趨勢？既充電樁之後我認為AR HUD具備類似的概念粉絲朋友們可以慢慢去了解看看這個配備以及相關的供應廠商留言跟我討論交流說說你對於AR HUD的看法、未來性下一篇文章會接續說明目前個人對於整體盤勢的看法請大家追蹤按讚留言分享還想聽任何主題請跟我說！,67,0,16
35,"['合一', '中天']",NaN,挺有趣的先前區間高檔一個比一個樂觀天天都在等重訊現在區間低檔一個比一個還悲觀天天都在質疑公司消極 質疑籌碼我覺得大家可以在悲觀一點這樣才更像低檔 是吧合一會不會漲 就靠你各位的情緒囉😀😀😀😀😀,80,3,13
36,"['加權指數', '台積電', '合一', '長榮', '邁達特']",小道瓊夜盤🔥噴出100點，「趨勢線判斷」核心觀念教學,"小道瓊夜盤🔥噴出100點「趨勢線」判斷核心觀念教學➡️圖為近半年道瓊期貨走勢🎯半年發生事件數據多空分歧,簡述如次：疫情、戰爭、升息、解封、非農數據、製造業、美國GDP、恐慌貪婪指數、景氣循環、VIX恐慌指數、PCE物價指數、消費者信心指數、矽谷銀行倒閉、鮑威爾談話...ooxx🎯我要表達重點1、趨勢有撐、利空也不會跌2、趨勢有壓、利多也不會漲3、慣性改變、予以趨勢尊重4、急殺出量、短線勿太看空5、看趨勢線、可宏觀看世界🔥火力成值，幫你找資金族群🔥火力檢視：https://cmy.tw/00CDTZ",25,0,20
37,"['華上生醫', '保瑞', '鴻海', '加權指數', '台積電']",NaN,有板上同學提出了質疑，說我們資料造假，我找出一些資料，提供給不知道這新聞的版社同學，上面寫著醫藥新聞週刊，大家得請看仔細了。,33,0,7
38,['台新金'],NaN,台新和新光。真的會合併嗎？,NaN,0,28
39,"['如興', '欣興']",NaN,放七個多月了，總算要重新上市了。這位好友聽話進場，結果被暫停交易，被他老婆～～，哈！總算會還他公道的。當時買50張其實我已經忘了它的存在，是這位好友通知我這樣的好消息，說要請餐廳吃飯，我回八字還沒一撇呢！當初有跟單的就等一倍漲幅後自行獲利了結吧！這段期間辛苦了。,31,0,7
40,"['邁達特', '力積電']",NaN,"半導體板塊大反彈！AI來了，""剛需""大爆發？中國基金報大廠庫存水位降低、AI算力刺激需求，雙重因素提振終於將沉寂多時的存儲芯片賽道帶火。近日，包括SK海力士、美光等大廠均下調今年資本開支，對市場給出收縮供給預期，而存儲芯片市場此前的高庫存現象有望出現邊際改善。多家市場調研機構最新報告顯示，在下半年SSD、存儲卡等產品需求將提振的預期心理下，市場目前已經有意逐步放大采購量建立低價庫存，以避免後續價格反彈之際，被迫吸收漲價成本。業內看好存儲板塊在2023年下半年迎來複蘇。值得注意的是，有着海量數據需求的AI算力，有望成爲存儲器市場需求的催化劑。更有頭部廠商人士喊出“人工智能等於內存”的觀點。週期性回暖漸近2022年，存儲芯片無疑是半導體下行週期中受影響最嚴重的芯片品類。從2021年下半年至今，存儲芯片價格下跌的時長已經超過18個月。DRAM和NAND Flash兩大內存芯片價格已經下跌長達20個月之久。近期，從海外三大存儲巨頭來看，情況出現微妙變化。美光已進一步削減2023年度資本支出，目前預期將投資大約70億美元、較2022年度縮減超過40%。據美光透露，存儲芯片庫存已至高點，後續有望迎來行業拐點。雖然目前存儲價格仍在下行，但廠商庫存壓力已達到峯值，後續有望逐步下降至安全水位公司CEO梅赫羅特拉表示：“我們現在認爲幾個終端市場的客戶庫存已經減少，未來幾個月供需平衡將逐步改善。排除庫存減記的影響，我們認爲我們的資產負債表庫存餘額已在第二財季達到峯值，我們的季度業績接近向連續營收增長的過渡。”而SK海力士日前在股東大會上也透露，預計存儲芯片需求將在今年下半年復甦，但不確定性依舊存在。公司今年資本開支將減半，不會進一步減產。而存儲芯片龍頭三星電子也在考慮削減存儲芯片產量。此外，市佔率第四的西部數據此前也表示，2023財年設備投資總額預計23億美元，比2022年10月會議上披露的27億美元下降了14.8%，其NAND存儲芯片產量將減少30%。實際上，回顧全球半導體與存儲市場週期變化情況，資本開支增速與市場變化呈現強相關性。隨着各大存儲廠商陸續在最新財報說明會中公開2023年展望，並大幅度下調2023年資本開支計劃，多家機構看好彈性最大的存儲板塊2023年下半年迎來複蘇。市場調研機構集邦諮詢在最新報告中指出，存儲器模組廠庫存水位陸續恢復正常，在下半年SSD、存儲卡等產品需求將提振的預期心理下，有意逐步放大采購量建立低價庫存，以避免後續價格反彈之際，被迫吸收漲價成本。從價格方面看，基於大多數供應商已經開始縮減生產，相互削弱的惡性循環也得到了一定程度的控制。TrendForce預計，2023年第一季度整體NAND Flash ASP的環比跌幅爲10-15%，小於2022年第四季度的環比跌幅。在DRAM方面，TrendForce認爲，相較第一季DRAM均價跌幅近20%，預估第二季跌幅會收斂至10-15%。但DRAM的2023下半年需求復甦狀況仍不明確。市場判斷，在經歷長達大半年的下跌趨勢後，存儲價格預計在今年第二季度到達谷底，隨着經濟和需求面的改善，市場有望在第三季度觸底反彈。AI提振存儲器底層剛需相對於週期反轉之外，增量需求邏輯更令市場振奮。近期市場火熱的AI賽道催生大算力需求，這同是驅動了數據量激增，令存儲芯片有望重新站上風口。據Open AI測算，2012年以來全球頭部AI模型訓練算力需求3-4個月翻一番，每年頭部訓練模型所需算力增長幅度高達10倍，而大容量存儲是大算力數據穩定運算的重要基礎。市場分析認爲，隨着算力的不斷進步，所需存儲的數據量在以指數級的增長速度攀升，數據激增刺激NAND需求逐年上升。美光高管更是在財報電話會上喊出“人工智能等於內存”。美光的首席商務官薩達納表示，一個典型的人工智能服務器的DRAM容量是普通服務器的8倍，NAND容量是普通服務器的3倍。據IDC統計，2022年NAND需求量約6千億GB，到2027年將達到17.6千億GB，年複合增速20.1%。華南一家存儲芯片廠商人士告訴記者，在企業級存儲市場、AI服務器領域的存儲市場有望率先站上風口，“這本質上是對算力的競爭，而算力本身就需要匹配的存力和運力強強結合，”該人士表示。不過，他同時表示，當前來看增量預期存在，但AI發展對存儲形態、功能等方面的影響，短期還沒看到太大新變化。隨着更多應用場景湧現後，可能會進一步帶來對存儲產品的大量需求。他認爲，不排除未來應用於數據中心的存儲器需求將超過手機市場需求的可能。在近日舉行的2023年中國閃存市場峯會上，江波龍副總裁閆書印表示，在DRAM方面，AI高性能計算會對存儲帶來高性能、低時延的產品需求；雲計算、邊緣計算、AI大模型對數據分析的需求，會要求在網絡端配置大容量的DRAM資源訓練。而在NAND Flash方面，AI會需要高速的Flash產品；其次大量數據會帶來大容量需求。該人士認爲，從趨勢看，AI大模型對存儲的需求會增長，同時針對AI的存儲需求將是覆蓋從雲端到邊緣端等環節。這都是未來在存儲方面積極的市場機會。多家機構也看好AI賽道與存儲領域的關聯。浙商證券認爲，存儲器作爲底層剛需或伴隨AI算力升級而同步擴容。總體來看，AI需求提振，疊加存儲市場庫存迎來拐點，行業景氣度有望觸底反彈等因素，多家機構認爲存儲行業已進入佈局期。編輯/new",14,0,6
41,[],NaN,NaN,209,12,71
42,"['愛普*', '鴻海', '國泰費城半導體', '台積電', '晶豪科']",４月份APP選股表單參數優化－強勢股欄位更新,各位午安~連假兩天休息過後，差不多了~**關於4月份選股表單1.已經寫在最新的VIP專欄區。2.強勢股區，修改參數，列出市場近期小P眼中表現亮眼之個股。3. 選股表單最右側的月漲幅，為該檔個股過去20個交易日的漲幅排序，並非漲幅大就會上榜，小P還用了其他參數來過濾掉月漲幅高但短線已轉弱之個股。換言之，能上榜者，過去20個交易日表現出眾，且日週動能續強。4. 未來規劃Ａ．將分族群進行選股，舉例:各位可以一眼抓到20大族群內最飆悍的個股，省下選股時間Ｂ．小Ｐ每月更新表單一次，每次增加或修改新功能，前一期的選股表單將自動失效。,109,2,31
43,['光頡'],NaN,3624 & 2375被動元件，哪一個至年底前景看好？,NaN,0,3
44,['愛普*'],NaN,4月有機會400ㄅ,NaN,0,12
45,['鴻海'],NaN,假如這三年投入鴻海500W，至少拿回75 W，可以很優雅過妳退休生活！也不至發生憾事！,32,0,5
46,['加權指數'],NaN,賠光五百萬。所以低點到了？,8,0,12
47,['高端疫苗'],NaN,日本武肺傳5/8降級 不需3劑疫苗和陰性證明就可入境。新聞出來了，以後紅霉不用再報導：高端戰士需要PCR才可以入境日本，消費結束了。轉貼自由時報新聞全文：2023/04/02 16:39〔即時新聞／綜合報導〕日本的武漢肺炎（新型冠狀病毒病，COVID-19）傳染病等級，傳出將在5月8日降為第5類，和季節性流感同等級，屆時相關邊境措施將解除，預計不需施打3劑疫苗和陰性證明也可入境。據《TBS》報導，若武漢肺炎被降為第5類，等於不再是日本《檢疫法》裡所明訂的檢疫感染症，目前已決定從4月5日起先對中國旅客放寬，只要有接種3劑疫苗即可不用陰性證明。據《時事通信社》報導，目前進入日本的旅客需要提交72小時內陰性檢測，或施打3劑疫苗的證明。不過，這些措施將隨著5月8日武肺降到第5類傳染病而結束。另一方面，為了避免新的流行病入侵，日本實施了「傳染病基因組監測」機制，在羽田、成田5個主要機場，對出現發燒、咳嗽等症狀的旅客進行自願測試。今天新聞報導，連假期間東京成田機場班機登陸到出關，排隊人潮竟然要5小時通關完成。看見人潮回流，工作崗位支援人員未到位，因此延誤通關行程。加上近日法國抗議退休延到64歲，英國，德國為通膨要求加薪的抗議罷工行徑，也影響出國旅行的方便性。日本5/8後如未改善通關流程，應該更擁擠，出國旅程要三思。,53,3,8
48,['合一'],NaN,0402合一雞湯我知道有少數的合一老屁股討厭雞湯所以不喜歡的就別喝了昨天愚人節不發是怕變成傻瓜雞湯來聊聊合一1.我是合一小散戶操作合一兩年半看著合一三上三下從2020年底到現在我的部位其實一直維持著沒甚麼改變從一開始的三張合一小玩開始之後就是一直維持在合十到合廿之間有一陣子的確是買多了後來也減碼了！經過我2年的驗證台股再沒有比合一更好操作的股票了阿割起外資的韭菜賺錢總是簡簡單單輕輕鬆鬆2..有單有真相我不是沖來沖去很經常進出的人如圖兩張分別是我2021、2022的合一獲利持股部位是始終沒有改變的而且我只做多而且我只是迷你小散戶所以賺的不多不是炫耀只是要證明合一確實是一檔經得起考驗耐操耐磨的好股票3...賺錢的原則非常簡單而明確在ON101黑玉斷續膏被證明為有效的大前提下476.5塊是始終要被突破的目標這是大戰略所以我只做多傻瓜才去放空合一合一空空永遠賺只是一支雞腿一不小心就會被軋掉一條牛4....剩下的就是做多的耐心跟健康的心態於是漲固欣然跌亦可喜主力玩你你也可以玩他大家有來有去不是很好於是買買賣賣虛虛實實進進出出之間獲利就出來了！5.....合一最大的利多就是拖拖拉拉這也是主力操作合一的基礎台灣健保還在研議中國藥證還沒有核准國際授權還沒有完成美國三期還沒有通過只要這些利多沒有通通實現之前下跌創造空間上漲實現獲利合一就永遠是活力滿滿的啦！NICE6......最后請放心按讚不用害怕會被T的他那一群是看不到的你的按讚的因為那一群高高在上的老屁股看了就煩所以我早都封鎖光了除非他偷開小號上來巡視這應該是不至於的事情所謂道不同不相為謀抱緊一檔股票是需要信仰的因此最后一樣再附上讓你好吃好睡不慌張的合一五波雞湯信仰食譜雞湯你可以自己熬只是要記得“低檔買進”“噴出不追”我們總有一天476.5見以上,1004,447,143
49,"['南亞科', '華邦電']",NaN,姐在想美光被大陸處理，台灣公司和韓國三星可能受惠?在拜登政府拉攏日本、荷蘭等盟友圍殺大陸晶片業後，北京開出反擊第一槍，瞄準美國記憶體晶片大廠美光（Micron），宣布對美光在陸銷售產品進行網路安全審查，消息傳出後，拖累美光周五（31日）股價重挫4.3％。此前，陸媒報導，稱美光邊賺人民幣，邊消滅大陸競爭對手，是美國對長江存儲等大陸記憶體企業制裁的幕後黑手。,NaN,0,2
50,['復華滬深'],三季人井蛙不可論海 夏蟲不可語冰,有一天孔子的一個學生在門外掃地，來了一個客人客人問他：「你是誰啊？」學生很自豪地說：「我是孔先生的弟子！」客人就說「那太好了，我能不能請教你一個問題？」學生很高興的說：「可以啊！」他心想：你大概要出什麼奇怪的問題吧？客人問：「一年到底有幾季啊？」學生心想，這種問題還要問嗎？於是便回答道：「春夏秋冬四季。」客人搖搖頭說：「不對，一年只有三季。」學生：「哎，你搞錯了，四季！」客人：「三季！」最後兩個人爭執不下，就決定打賭：如果是四季，客人向學生磕三個頭如果是三季，學生向客人磕三個頭孔子的學生心想自己這次贏定了，於是準備帶客人去見老師孔子。孔子看了一眼客人，說：「一年有三季。」這個學生快嚇昏了，可是他不敢馬上問客人馬上說：「磕頭磕頭！」學生沒辦法，只好乖乖磕了三個頭。客人走了以後，學生迫不及待地問孔子：「老師，一年明明有四季，您怎麼說三季呢？」孔子說：「你沒看到剛才那個人全身都是綠色的嗎？他是螞蚱，螞蚱春天生，秋天就死了，他從來沒見過冬天，你講三季他會滿意，你講四季吵到晚上都講不通。你吃虧，磕三個頭，無所謂。」【記住這個故事】三季人堅持自己的「真理」是因為他們缺乏視野，也無法包容其他人的意見最終導致閉門造車，沉溺於自己一廂情願的錯誤或者是他們無法面對自己的錯誤只好選擇逃避面對問題不爭辯就是慈悲、不爭辯就是智慧🙏對「三季人」，微笑、轉身避開就可以他們的人生困境需要他們自己設法解決，神佛難救 ~,83,4,55
51,['智擎'],NaN,"狐狐等了四個多月好累滴嘞~待短波止跌信號出現,試單一張""門票""(不設停損)~入場試舞~小智.馮.卡門您邀狐狐嗎?",21,0,9
52,['合一'],NaN,合一的股迷們越是看多的！法人越是跟你做對！,11,0,10
53,['智擎'],NaN,"""來看看""大哥~或許有空您該學學跳舞啦!~ㄚ狐~ㄚ狐~ㄚ狐⤴️(拉高音)~~~ㄚ狐………哈巴奈拉(愛情是一隻自由的鳥兒)~喬治.比~",21,0,5
54,['逸達'],NaN,預祝逸達明天能有好消息 讓台灣的生技更進一步,203,0,24
55,['聯電'],NaN,清明連假股票要續抱嗎,NaN,0,11
56,['長榮'],NaN,長榮賺這麼多，股息也發的很大方，為什麼股價拉不上去？160應該是不錯的價位才對啊？,NaN,0,10
57,['華上生醫'],NaN,年輕人好公司要珍惜https://www.youtube.com/watch?v=EiMEnUL9liU,30,0,7
58,"['加權指數', '合一', '台積電', '鴻海', '愛普*']",4/3 美股創高，美元遇支撐,各位早美股創短高，道瓊走箱型，Nasdaq創短高但美元的週布林下軌，也正遇到強大的支撐可能要嚴防美元反彈囉看圖參考一下1. Nasdaq100日線2. 美元週布林3. 韓股週布林,167,42,35
59,['合一'],NaN,台灣還沒看到關於ON101的276例新聞，但中國騰訊已經報導這個新發表成果：[276例研究結果充分支持ON101於糖尿病足潰瘍的治療成效與藥物安全性]。,123,0,11
60,['景凱'],NaN,☆忘掉所有不可能的藉口，去堅持那一個可能的理由☆景凱的版面因幾位老戰友的泉源灌注，不免生意盎然...起初醫美朋友的一席話，立馬起心動念..當時快速瀏覽何謂JKB-122老藥新用甚至睽違已久的授權一案TJC-0265：景凱生技新藥開發臨床進度大步向前，小分子新藥JKB-122將進入FDA與TFDA臨床三期，其中治療自體免疫性肝炎(AIH)已獲得美國FDA核准適用孤兒藥之認可，目前正在美國多個醫學中心展開臨床試驗～留下腦海中的記憶依然猶新！曾經女中豪傑石董表示，台灣在生技新藥努力也超過30年，10多年前才冒出新芽，目前僅有10多家新藥原創研發公司，且規模都不大，而中國有幾十家，多數以中藥為主，且脂肪肝炎研究多數還在一期臨床階段下，景凱投入此領域頗具利基...這就是慧眼識珠的使命，才能得天下啊！景凱可是國內唯一有兩個新藥授權的公司，意味濃厚啊~~也沒枉費石董砸鍋賣鐵的一份毅力~~現階段就讓我們抱牢手中的入門票，迎接拉開序幕剪綵的鐘聲響起！！好酒沉甕底，好戲在後頭！！,96,35,38
61,['臺企銀'],NaN,是不是越來越好又要開始進入買入起跑點可以買了嗎？,NaN,0,5
62,"['長榮', '陽明']",NaN,救命啊，房子車子都抵押去買了,NaN,0,36
63,['景凱'],NaN,看到星空老弟的發文，我才恍然大悟。原來“耐心”是從小培養出來的😁😁😁，並非與天俱來。從小我就愛上了釣魚。看到二十幾年前的舊照，回想當時在SYDNEY等待大魚出現的日子。不知經過多少個漲潮，多少個退潮，最後終於讓我釣到這隻大魚。投資股票就如同釣魚ㄧ般。嘗試過多少釣點，釣到小魚或者甚至是“貢龜”就是在累積經驗。耐心也就不知不覺中就養成了。相信在不久之後，我也一定能夠跟二十幾年前ㄧ樣。抱著“大魚”，拍照留念。黑皮！,242,60,55
64,"['潤泰全', '潤泰新']",NaN,看到 「晶圓女王」環球晶董事長徐秀蘭到女子中學演講，在總結時鼓勵大家要勇於夢想，不要給自己設限，特別是別用既有成就衡量自己，而要以自己有能力做到什麼來衡量自己。鼓勵同學常常寫給自己小卡片，徐董提到翻到28歲，寫給自己的卡片～「28歲許願做一家10億的公司！」 34年後她做到800億。發現自己的優缺點在卡片寫下句句鏗鏘有力的目標。我覺得我也要來寫卡片寫給自己，不能說是目標，首先希望今年阿全可以站回1百以上，兩年後南山上市會有不錯的成績，如總裁對媒體所說：到時候「南山再二年多就準備上市」，屆時「（南山股價可能業界數一數二。我覺得整句不完整，不知是上還是下，我替總裁加了兩個字～屆時「南山股價可能業界數一數二的高」。我一直相信上帝關上一扇窗，一定也把另一扇門關緊，所以還是風險控管保守以對，不用樂觀不用悲觀，順期自然就好，寫給自己希望之卡，會不會成真，就讓時間來證明，今年有條件嗎？繼續看下去。既來之而且沒選擇離開則安之。潤泰全適合存股嗎？可以說適合也可以說不適合，取決於投資部的投資標的品質，和保險的理賠率。早投資早享有複利效果，所以我也不知道南山早年的投資標的是什麼？投資品質好嗎？是否多少投資是低成本或是無成本標的，但我想高檔追逐的也不少，要不然不會一個淨值風暴搞得南山要倒的故事都寫得出來。譬如南山投資大立光是早期投資1千以下？還是也追逐在3、4、5、6千元時呢？都攸關南山績效。既投資及安之，南山團隊加油go go go？兩年後股價是數ㄧ數二還是數來寶……….！,29,2,5
65,"['臻鼎-KY', '景碩', '欣興', '南電']",NaN,終端需求未復甦 IC載板挑戰大工商時報 王賜麟 04/03 03:04經濟不景氣影響下，終端需求遲遲未復甦，多項應用修正下，過去表現強勁的IC載板也面臨挑戰，根據Prismark預估數據顯示，2023年全球IC載板產值預估為160.73億美元，較2021年衰退7.71％，為PCB四大產品線中衰退幅度最大。業內人士指出，終端晶片大廠持續去化庫存，幾乎所有應用都可看到需求放緩或下修，只是高階的如伺服器調整少、中低階的PC調整多，但整體來說，不論是ABF或是BT，不論高中低階產品，現在都是呈現供過於求的狀態，以客戶給的forecast來看的話，預估第二季會是谷底，第三季會緩步回溫，長期而言HPC、AI等智慧智能應用仍強，只是這類需求發酵仍要段時間。傳統淡季加上需求放緩，載板產業雜音頻傳，載板廠稼動率相較去年維持高檔，現在下滑不少，如欣興、景碩先前也提到，因應市場仍在去化庫存，廠區必要時會精簡人力、關掉些設備、節省支出等，鼓勵員工趁淡季期間多休息，以迎接後續旺季需求的到來。雖然短期市場波動，但中長期高速運算趨勢不變，儘管相較國外載板廠，台系載板廠今年的擴產力道減弱不少，但持續有新產能開出。欣興日前法說會上指出，客戶在智慧、智能等AI人工智慧相關應用的新產品開發還是很踴躍，南電持續看好EV、資料中心、HPC、5G網通等產品長期需求，景碩也表示HPC、AI這類高速運算的產品，是值得期待的成長動能。臻鼎也表示，多層板、大尺寸的高階ABF產品，需求還是很好。南電樹林廠一期、昆山廠二期第一季正式進入量產，樹林廠二期也預定在2024年第一季投產。欣興雖然今年產能增加有限，但載板產能仍從2.8～2.9百萬平方英尺提升到2.9～3.0百萬平方英尺。景碩新產能規劃第三季到位，將從去年底2600萬顆月產能提升到4000萬顆。臻鼎ABF載板已陸續小量產，目前單月貢獻營業額雖然僅4～5千萬，但公司看好後續5月、7～8月、9～10月會有階段式的向上跳增。https://ctee.com.tw/news/tech/837574.html,28,6,11
66,['中信中國高股息'],NaN,大家的均價都多少呀！我13.2有86張,NaN,0,13
67,['大成鋼'],NaN,趨勢更新：競爭的手段在於斡旋的空間的強弱。動作頻頻的世界兩大陣營，您有沒有發現已開始有人是神仙，各持兩派理論。這個說美金完蛋了，那個說人民幣要起飛了。有沒有發現沒有人陳述：美金會持續穩定、人民幣的世界結算已人民幣為主還有很長的一段時間。會查資料的就能瞭解，「還早的很」。這還必須考慮全世界的經濟狀況是不是有復甦。世界各大小國家目前⋯全部都在苦撐。所有的人都在講內循環。所有的政府都開支票要推動工程。為什麼動作緩慢？？您知道馬來西亞豪雨不斷嗎？？馬來西亞產什麼原物料？？其他國家有些部分陷入快要崩潰的局面。這些國家的長年國內需要會很多嗎？？您知道世界上面因為這次的制度之爭，產生多少國家赤字嗎？？您知道所謂的聯合國，普世價值是什麼嗎？？別騙人了。這很不好。您可以說有這個跡象，或許會產生，可以慢慢觀察。明辨是非是散戶能為自己荷包留意的。別信那些有的沒有的。自己動手查。您會發現世界就在您身邊。把自己的位置放在掌管地球者的高度，世界各國為您所有。您看到的就會不一樣。今天晚上吃燉肉，開心分享，樂於生活。看一些讓筆者搖頭的新聞，驚見什麼都有。但生活依舊，心理有天平。圖二：阿里山小火車。圖三：金沙蝦球～,8,1,2
68,"['加權指數', '台積電']",NaN,又爛了，美元要強，甲賽,2,0,5
69,['合一'],NaN,之前有一位同學問我說，我是不是沒有梗了，怎麼每天都寫繼續玩沙？其實我每天早上寫繼續玩沙是有我的道理的。下篇文我會寫下我對我一直遊走在同學會同學榜30名之下的理由。另外昨天can01899大說的T人事件。我也有一些話要說。1、同學們來看我的文，基本的按讚是一個禮貌。2、連禮貌都沒有，那麼我不靠同學會任何力量，道不同的人，我只能善加封鎖功能。3、而一些人，來看我的文之後不按讚也就算了。還來這裡巡視，把按我讚的人都拿回去檢討。4、在合一，不同的時期，會有不同的想法及做法。每個階段的思緒想法及操作手法（雖然我沒有做短線）都應不同。若是用簡單的二分法來看，容易變成權利的傲慢一位DEA（美國聯邦緝毒總署）官員在德州的一個牧場停下來，對一個老牧人說：「我要檢查你的牧場，看看有沒有種植非法的藥物。」老牧人說：「OK！不過您不要走近牧場的那邊……」他指著那個方向。這位DEA的官員大聲的說：「喂！先生，我有聯邦政府賦予我的權力。」然後從他的後口袋中秀出他的徽章，很驕傲的展現給這個牧人看：「看到這個徽章沒有？這個徽章代表著：『我可以到任何我想要到的地方去……不得有任何疑問或回答』，我說得夠清楚了嗎？你懂了嗎！」這個牧人有禮貌的點點頭，道歉，便走開去做自己的農活去了。沒有多久，這個老牧人聽到悽慘的狂叫聲，探頭出去看，他看到那位DEA的官員沒命的奔逃，而在他的身後是這個牧人所養的一頭 Santa Gertrudis 牛。這頭大牛愈追愈接近這位官員，似乎想要在官員逃到安全處所之前，用牠的牛角去牴刺他。老牧人丟下他的工具，跑到圍籬邊，用他全部的肺活量大叫到：「你的徽章，快秀出你的徽章啊！」5、或許我自己也有權利的傲慢，我為了我的思緒的清境，我只能封鎖一些人，來讓我思緒可以有自己的清明。6、但是我不會私底下去影響別人的想法，就連我對我老婆也是如此。7、之前can01899大為了速必一納入健保之事陳情。我後來發表了一篇文章，是關於速必一降級（在台灣藥證早就通過，而醫材出口許可卻偷偷拉拉）求售。can01899大又棄而不捨的為了醫材出口許可證，繼續陳情。有了can01899大的傻勁，才能造成這次的醫材可以提早且順利的出口美國。再下來的其它國家醫材出口，只要其它國家許可，都不是障礙了！最後要跟各位同學說的，若是合一可以成為一個百年企業，我跟各位同學都只是一個過客。而合一的衰弱或是強大都是靠它自己，主力只能短暫的影響股價。而我們只能在旁邊看戲玩沙！經歷過合一後，我在合一的過程應是無人能及。行路難，不在水不在山，只在人情反覆間。人生無法做到完美，我們盡力就好，剩下交給合一，時間也會說出真話的。,729,601,89
70,"['加權指數', '台積電', '國巨', '晶心科', '緯創']",NaN,過度看空了！以史爲鑒：美股近期的反彈将持續到4月份04-03 17:54:36FX168編輯關注摘要：有分析指出，美股從10月中旬低點開始的反彈可能會延續到今年4月，因爲很多投資者太過看空。FX168财經報社(香港)訊 有分析指出，美股從10月中旬低點開始的反彈可能會延續到今年4月，因爲很多投資者太過看空。股市有一種本領，它的走勢與人們普遍認爲的走勢相反，這種情況目前正在上演。此前，盡管美國出現史上第二次大銀行倒閉，美聯儲再次加息25個基點，但标準普爾500指數3月份仍飙升3%。但高盛(Goldman Sachs)的Scott Rubner對股市在負面消息面前反彈并不感到意外，因爲倉位數據顯示，對沖基金和散戶投資者過度看空，實際上是在對抗持續的反彈。Rubner在最近的一份報告中告訴客戶：「目前的倉位太看空了……如果宏觀經濟有所改善，我們認爲痛苦交易将回到上行。這是基調的改變。」如果像Rubner所說的那樣，戰術交易員轉向看多，股市就有很大的火力可以反彈。根據該報告，華爾街的趨勢跟蹤交易員，也被稱爲商品交易顧問(CTAs)，目前押注标準普爾500指數将下跌約260億美元，這是自2021年10月以來最大的空頭頭寸。根據Rubner交易模型的不同場景，如果勢頭繼續轉向上行，這些交易員可能會被迫退出空頭頭寸，轉而持有多頭股票，這實際上是在爲目前的漲勢推波助瀾。「這是标普500指數大好漲勢，六種情況中有六種是潛在需求。CTA股票需求是我的分析中最重要的圖表。這是一個很棒的美式燒烤派對。你不經常看到這種情況，」Rubner說，他指的是如果股市走高，許多交易群體将經曆的痛苦。這種過度看空的倉位讓Rubner相信，股市的漲勢将延續到4月份。Rubner稱：「‘宏觀’方面發生的事情太多了，以至于無法對交易抱有信心，但我看好4月份股市。」Carson Group首席市場策略師Ryan Detrick同意Rubner的看法，尤其是考慮到股市正在進入四年總統任期内表現最好的時期之一。Detrick本周在一份報告中說：「從曆史上看，大選前一年的第二季股市平均上升4.8%，在此期間72%的幾率會更高。考慮到整體負面情緒，經濟繼續挑戰懷疑論者，以及這種積極的季節性，我們對去年10月低點的持續反彈持開放态度。」除此之外，Detrick強調，自1950年以來，在選舉前年份的4月份，股市有94%的時間是上升的。Detrick說：「爲什麽四月通常很強勁？這可能是春季購物、告别冬季、或者把退稅用在工作上的綜合結果。但最重要的是，這是我們甯願知道而不是忽視的事情。」敬告讀者：所有内容不代表FX168财經報社立場，僅供讀者參考！FX168提供的交易相關數據及資訊不構成投資決策的依據，由此帶來的投資風險和損失由交易者自行承擔。,11,0,6
71,"['加權指數', '台積電', '鴻海', '華上生醫', '保瑞']",NaN,各位華華友們大家好，連假期間閒閒的我們，自己多多看看板上同學之前給的資料，冷靜下來思考，當初看好的想法，一檔股票市場該給的價值會是多少。公司進行中癌藥開發還一堆。銷售商兼大股東。將會有實質營收，eps自己去抓。有空自己多多在爬文，自己腦補。,63,10,8
72,"['加權指數', '元大台灣50反1', '長榮', '合一', '國泰永續高股息']",NaN,台北強哥，老粉絲們～假日我都會開車去舊庄這個市場買油飯100元，蛋塔120元回家吃，因為強哥喜歡吃好吃油飯，蛋塔，這家麵龜，紅龜貴，赤殼貴在汐止很有名，不過我老婆女兒兒子都沒吃過麵龜，紅龜貴，赤殼貴，一來沒吃過二來不愛吃，因為大安區市場也很少賣，新北市比較多，紅龜貴我大概45年不曾吃過，這個傳統美食中南部應該隨時可見，可得！,398,181,75
73,"['長榮', '陽明', '萬海']",NaN,https://tw.news.yahoo.com/500%E8%90%AC%E9%80%80%E4%BC%91%E9%87%91%E6%B2%92%E4%BA%86-%E5%A4%AB%E6%8C%81%E6%A3%8D%E6%AF%86%E5%A6%BB%E8%87%B4%E6%AD%BB-080922073.html這則今天新聞，老婆操作老公退休金。賠500百萬，被老公打死。希望不要發生在航運才好。股票有賺有賠，信用至上。故事如有雷同純屬巧合。以上言論不代表本台立場。,18,0,5
74,['潤泰新'],NaN,去年存股的在今年會比較辛苦一點，帳上綠油油，便宜給今年存股的，看總股東人數123106人，創歴來最高吧，今年真是讓人撿便宜～,25,0,4
75,"['加權指數', '巨大', '鴻海']",NaN,"企業財報洩端倪!謝金河曝這2家庫存壓力大工商時報 數位編輯 2023.04.03（巨大、鴻海被老謝點到）😱台股近期在「萬六」整數關卡前躊躇，清明節過後是否變盤備受關注，財信傳媒董事長謝金河以「春江水暖，股市最先知：企業財報打冷顫！」為題在臉書發文指出，今年第一季企業的去化庫存壓力仍十分沉重，像巨大存貨從21年的308.72億元大幅升高到413.85億元，鴻海的存貨更逼近1兆台幣，這是一個很可怕的數字。謝金河表示，去年第四季股市殺聲震天，加權指數最慘跌到12,629.48，雖然去年前三個季度，全體上市櫃公司每一季都賺超過一兆元，而且已經連續6季每一季淨利都超過一兆元，這是史上最佳獲利成績；但第四季獲利卻急轉直下，企業財報已在3月31日完全公告，全體上市上櫃公司第四季淨利只有5,888億元，較第三季減少48.4%，也比去年同期減少46.3%。5,888億的數字到底好不好？謝金河認為這個數字很不好看，這當中，台積電去年第四季大賺2,959億元，已經占第四季獲利一半，扣除台積電，全體上市上櫃公司淨利只有2929億元，這是非常不理想的數字。進一步分析獲利急降的主因，一個是金融業獲利急遽下降，另一個是貨櫃三雄獲利大減，三是半導體只剩台積電一枝獨秀，其他獲利都大幅縮水。謝金河示警，今年第一季企業仍有十分沉重的去化庫存壓力，像巨大存貨從21年的308.72億元大幅升高到413.85億元，最可怕的是鴻海，存貨從21年底的6,721.45億元上升至9,390.22億元，逼近一兆台幣，這是一個很可怕的數字。「接下來大家要看的是企業淨利在去年第四季是不是到底了？如果是，股價上漲有理！如果不是，股價再漲空間恐怕有限！」謝金河文末總結，數字會說話，股市永遠是最敏感的領先指標。（中時新聞網 邱怡萱）",14,0,10
76,['中鋼'],NaN,不知道今年獲利有無辦法衝到40QqqqQ還在等紀念品出爐阿！,NaN,0,3
77,['臺企銀'],NaN,請問一下。融資“餘額”是什麼意思？,NaN,0,5
78,"['加權指數', '國泰永續高股息', '元大高股息']",NaN,知道為什麼幾年後00878會大輸0056嗎？別存錯惹@@答案我放留言 ,NaN,0,25
79,['中信金'],NaN,請問到底是1.1還是2.7？https://tw.stock.yahoo.com/news/%E5%85%AC%E5%91%8A-%E4%B8%AD%E4%BF%A1%E9%87%91%E4%BB%A3%E5%AD%90%E5%85%AC%E5%8F%B8%E4%B8%AD%E5%9C%8B%E4%BF%A1%E8%A8%97%E8%AD%89%E5%88%B8%E6%8A%95%E8%B3%87%E9%A1%A7%E5%95%8F-%E8%82%A1-%E5%85%AC%E5%8F%B8%E8%91%A3%E4%BA%8B%E6%9C%83%E6%B1%BA%E8%AD%B0111%E5%B9%B4%E5%BA%A6%E8%82%A1%E5%88%A9%E5%88%86%E6%B4%BE%E4%BA%8B%E9%A0%85-081622855.html,NaN,0,7
80,"['台積電', '長榮', '鴻海', '華新', '聯發科']",追蹤《發財1哥》擁有6大優勢！,📣📣📣追蹤《發財1哥》會比其他達人擁有6大優勢：1.經常提供很棒的文學作品、勵志文章、心靈雞湯、笑話給大家閱覽，改變你的人生觀點，塑造健全的心態，只要心態健全必能朝向財富自由之路邁進。2.經常幫大家加油打氣，堅定大家的信心，讓大家不會追高殺低，提高投資利潤。3.每天早上提供整理過後的重要經新聞讓大家閱覽，豐厚大家的財經視野，更能清楚掌握產業未來的前景，對投資股票有莫大的助益。4.經過研究欣賞美女是快樂與長壽的秘訣，《發財1哥》每天早上都會提供美女圖給大家欣賞，讓大家一大早起床就充滿了朝氣與活力。5.隨時為訂購《發財1哥APP》的用戶解答任何股市疑問、個股分析，並經常將個股分析PO在股市爆料同學會討論區，即使非訂購用戶也能因此受益。6.經常不定期提供可能大漲的股票給大家參考，讓每個人都有機會跟著《發財1哥》一起賺大錢、發大財。💞💞💞追蹤我你的人生將更加精彩！🎉🎉🎉很多訂購《發財1哥App》的股友都賺翻了。想要賺大錢、發大財的人請趕快訂購《發財1哥App》，訂購連結如下👇👇https://cmy.tw/00Abn4,136,0,28
81,['世德'],"併購德國百年MMG，
所帶來產品與客戶的外溢效益",世德最近的法說會是去年2022/5/23今年股東會將於6/21召開世德(2066)，主要生產汽車零件及扣件，為全球汽車大廠之第一階（Tier1）零件供應商，(2021)產品營收比重：汽車用扣件58%、機械用扣件33%、其他9%。世德近年積極建立全球供應鏈，於2018年併購德國Max Mothes GmbH(MMG)公司取得51%股權，預計2023年7月完成剩餘49%股權收購，除切入歐洲汽車大廠包括雙Ｂ、福斯等供應鏈外，也從汽車領域，擴大到工業特殊零組件體系，像是農耕機、火車、飛機及風力發電等領域。世德主要客戶包括GM、福斯、賓士、豐田、特斯拉等，即使近年全球受疫情影響，世德客戶卻逆勢增加三分之一，這部分利基將會逐步反映在未來（三年內）營運。近期由於疫情導致的高通膨，為抑制通膨引發美元的暴力升息，進而導致全球各地銀行爆雷。見微知著，未來歐美及中國的經濟將持續衰退，各位股友在未來股市的投資上，需更為謹慎，必須以財報作為選股篩選的條件，找尋各領域的標竿企業，避免投機毛利過低，營業利率持續下滑的劣質企業，我預期在這波不算短的不景氣週期下，會導致許多體質欠佳的企業，很難撐過不景氣的寒冬。,8,0,5
82,['裕隆'],典範的變遷與轉移,未註生先註死你如果相信這世界是真實的那一切其實早已都是註定的楊定一博士你從來沒有自由過！4月1日早上10點首播https://youtu.be/0lnh5i-TwPU楊定一博士你能選擇什麼？3月25日早上10點首播https://youtu.be/SneNwe2Dp8E楊定一博士做瞬間的主人！3月18日早上10點首播https://youtu.be/QotZylBuCD4,25,9,0
83,['華景電'],NaN,大家都知道，但是都沒有人注意🤣🤣🤣台積電擴廠需要良好的排水循環系統，華景電排水馬桶，占比能慢慢提升，是不是產品優於其它競爭廠商，還是業務認真拿訂單都好，就是逐漸成長。夏天到了，缺電，缺水是晶圓廠一大考驗，有良好的設備，才能有良好的產品，美俄亥俄州台積擴廠，在那未來也是和對手搶水大戰，華景電台灣能提高市占，未來美也成立分公司，應付美擴廠所需，等夏天缺水一到，你就知道了🤣🤣🤣想要等低，你樹下等🤭🤭,9,0,4
84,"['商之器', '力積電', '台積電', '保瑞', '群創']",🌈超級飆股 ~ 商之器 8409 ~ 醫療影像龍頭🌈,💕咪咪攻略 ~ 商之器不綁硬體，所以世界通用性高~ 普及性每年+10%以上成長 ~ 各式手機都適用💕商之器導入各大醫療院所 建置 NEW PACS 這些醫療影像建置後，將持續使用多年，每年更新軟體與系統維護費，讓商之器營收持續增加!請問這些醫院會倒嗎? 台大 新光 慈濟 高醫 ......... 不會嘛!!! 日本醫院會倒嗎?....... 不會嘛!!! 商之器就是從日本發跡中國醫院會倒嗎!!!??? 更不會 因為人口太多+國營背景+商之器行動手機醫療顯影 ~ 大大提升大陸地區的使用率!菲律賓普及率高 EBM 市占率將超過5成 甚至來到6成!美國2023年如火如荼展開布局!!! 成長率將會相當驚人!商之器10年磨了許多神兵利器，咪咪樂觀看待2023年營收表現與成長!就問你有沒有信心啾咪備註6547 抱緊! 一張不賣奇蹟自來!4743 抱緊! 4/6 或許有一波漲勢!3481 抱緊! 一張不賣奇蹟自來!2317 抱緊! 一張不賣奇蹟自來!2330 抱緊! 一張不賣奇蹟自來!6770 抱緊! 一張不賣奇蹟自來!4979 續抱! 608072 抱緊! 一張不賣奇蹟自來!8477 抱緊! 一張不賣奇蹟自來!4554 抱緊! 一張不賣奇蹟自來!6197 3049 6793 ...... 其餘再說咪咪祝大家清明休假愉快旅途平安!<<免責聲明：以上純屬咪咪個人看法與自己的賭徒操作，不代表任何買賣建議，僅供參考，請勿跟單，盈虧自負。>>🌈咪咪龍蝦攻略 ~ 商之器(8409) ~ 暴漲在即 ~ 咪咪沒在跟你開玩笑!!!咪咪從另一角度告訴你K線之謎📈📈📈下圖是周K的布林軌道曲線由圖中可以看出當商之器的股價站上布林軌道上緣之後👈🏼布林軌道以20MA+-2標準差(但是用日K計算 咪咪之後說 標準差設定各異 須配合個股性質設定)股價會有一番大漲平均來看第1第2周的漲幅最是凌厲10元 11元 8元 16元離現在最近的一次，也是量價最大的一次是16元而起漲點在2022年4/11日 (財報公布後1日)👈🏼👈🏼👈🏼暴漲7支那周5天漲了 10.3元 <由17.05~27.35元>天天跳空漲停隔週在漲2天漲了5.75元 <由27.35~33.05元>圖中可知量大所以套牢區多反過來說套牢的主力就必須拉價將沒獲利的這部分 (已經獲利的出脫的區間是在第2周)拉高股價後出脫也可以說主力大戶近期重新在低價區吸籌碼後再展開一波攻勢以籌碼的計算量來說保守估計是24.6~24.8這價位還正好是頸線但測試頸線並不足以出貨也就是說並需再拉高10~20%價位所以股價可能來到 27.05~29.5若以清明休假日前最後一天發動的價位21.75元則27.05-21.75=5.3而29.5-21.75=7.75這個漲幅區間5.3~7.75元 就相當接近 且合乎 且客觀保守的 接近咪咪的預測!!!所以23.1~24.6 有沒有肉吃呢? 有23.1~29.5 有沒有龍蝦吃呢? 有喔!那 29.5這價位 剛好補掉了 周K缺口 咪咪一在強調缺口理論 (缺口理論非常重要!!!)偶贏面很大<<免責聲明：以上純屬咪咪個人看法與自己的賭徒操作，不代表任何買賣建議，僅供參考，請勿跟單，盈虧自負。>>,28,3,7
85,"['陽明', '長榮', '萬海']",NaN,"股利繳稅有兩種方案，大戶要選方案二所以要繳的稅金比較多。小資族則可以選方案一，如果扣抵高於應繳納稅還可以退稅。第一種方案 股利所得合併計稅, 是指領到的股利要併入綜合所得總額課稅，但股利的8.5%, 可以抵減綜合所得稅之應納稅額， 每一申報戶可抵減稅9上限是8萬元， 抵減有餘還可退稅。例如， 小陳薪資所得為60萬元， 股利所得為30萬元(以股利5%計算， 約存股600萬元),旦採用合併計稅，要繳稅金額是(薪資所得加股利90萬元-免稅額8.8萬元-標準扣除額12萬 1元-薪資扣除額20萬元:49.2萬元)x稅率5%:2.46萬元。不過， 可以扣除(30萬元股利X8.5%:2.55萬元), 反倒還能退稅900元。如果採第二種方案 單一稅率分開計稅 ,式就是 (綜合所得稅為60萬薪資所得-免稅額 18.8萬元-標準扣除額12萬元-薪資扣除額20萬 1元:19.2萬元)x稅率5%:要繳稅96000元。",6,0,1
86,"['中天', '合一', '易威']",NaN,合一啊合一您惹是非了.非您所願.但因您而起.為何......既來之，則安之.下好離手.得等待掀牌.看輸贏.各位大大...海纳百川，有容乃大.心胸有多寬.財源就多廣.一言堂...天天喜糖.吃糖.沒聽過糖衣毒藥.小心GG看牙醫.不要破壞同學會的宗旨.拜託多談一些您看多.看空的意見.謝謝有點激動.很怕這園地癈了.無處可聊🙏🙏🙏諒解諒解.,27,1,2
87,['華星光'],NaN,哈，華星光玩蛋了,5,0,6
88,['系微'],NaN,卓易100%持股百敖软件，是大陸唯一做BIOS&BMC的，股價飆漲，本益比超過100倍，但技術水平以及營收遠遠落後系微，有興趣者可以研究下卓易,5,0,6
89,['加權指數'],NaN,#NQ#納斯達克指數這下有得搞了，真的是要讓老包知道，因為升息趨緩所以噴的不要不要的嗎？還是等非農一網打盡？沒破下降曲線，下降區間破了站不回變成反壓才有可能殺。不過還有幾天，誰知道呢？祝大家連假愉快，我也要去英國浪了。4月份數據公布及休假日，以下為台灣時間（轉載自布朗尼的粉專）​✅ 04/3-5 台灣清明節連假，海外市場正常開盤✅ 04/07(五) 耶穌受難日(Good Friday) 休市✅ 04/07(五) 20:30 非農 （抖抖）✅ 04/12(三) 20:30 CPI（大抖）✅ 04/13(四) 20:30 PPI（很抖）,7,40,3
90,"['創惟', '美律', '欣興', '揚智', '力致']",NaN,股票是很神奇的賺錢工具有些人可以靠股票賺到財富自由有些人買股票可以輸到破產別人股票賺錢一定有他的方式自己輸到破產也一定有他的原因很多人買股票就是喜歡跟風或是花錢加入投顧老師的行列老實說投顧老師那麼利害就自己壓到底開融資到最大本金一直翻倍成長過幾年就比郭台銘還有錢如果我是投顧老師我一定先買股票叫你們韭菜來抬轎只要你是站在股票會賺錢的立場想其實很多問題都可以決絕只是怕你不用腦袋股票玩20年一樣也是輸20年人生就是不斷自我成長而不是一成不變的生活態度大家加油了👊👊👊買股票要自己研究過這樣才能耐了住股價短期震盪永遠保留備用資金才有機會東山再起文章只是記錄自己靠北股市心情不建議偷跟單....沒有什麼目標價我心情好股票賺錢就賣了股市有1700多檔不建議買高風險轉虧為盈的股票不用怕買不到股票只怕沒有錢買股票跟風同學會達人買股票你有可能永遠沒有辦法解套買股票的時機當大家都看壞的時候慢慢買股票當大家看好的時候就慢慢賣股票不要看別人股票賺多少錢你要看自己能在股票每年賺多少錢買股票要做最好的準備也要做最壞的打算被套牢股票沒有人買在最低股票也沒有人賣在最高股票只要賺錢賣都是對的股價像人生一樣人生就是起起落落股價也是起起落落你可以對股市敬畏但不要對股市恐懼股票理由還在就抱緊買股票的理由不在就快點賣有追蹤我的股市小白有空可以在我同學會留言評論讓我知道你曾經有來過股市小白有空可以讀我的簡介你會在股市少輸很多錢大家一起努力加油了👊👊👊,30,7,8
91,['華孚'],NaN,請問前輩們連假過後還有機會往上嗎？很怕連假後的股市會不一樣…,NaN,0,12
92,['復華富時不動產'],NaN,續 3/24後的一個禮拜數據更新～～～（3/31）融劵+資賣 = 11224+99951=111175目前總張數 ： 999511目前放空的%數為 ：11.122%淨值與溢價幅度： 3/31收盤 是9.86%然而 3/24號16%vs 3/31號 9.86%更縮小幅度還是有溢價幅度、所以要注意⚠️。再統計 3/24號 收到的利息 0.03元更新3/31號收到的利息 0.17元下禮拜陸續又會有利息收入～～～以上更新（免責聲明）詳細內容請閱讀公開說明書。投資有風險，請做好投資風險評估再進行買賣都是自己拿錢出來進行的，請風險審慎評估。,NaN,0,5
93,['系統電'],NaN,各位目標價多少呢？,NaN,0,24
94,['台端'],NaN,想問問有賣融券的人，台端一直跌停，是否就賺翻？那到下市獲利怎麼算的？,NaN,0,14
95,['中信優先金融債'],NaN,給中信優先金融債三種不同屬性的投資人建議，第一，針對短線若想要賺價差的投資人，考量現階段價差已經不小，加上Fed本月升息一碼，利率波動將對於美債商品造成壓力，並不建議追價；第二，中期想賺波段的投資人可以留意Fed利率會議後，利率波動度若有降低，會是分批布局的機會。第三，若是以長線，打算抱5-10年的存股領息族則不必過於擔憂，因今年夏天會是利率高點，年底或是明年Fed有機會轉為鴿派，拉長時間來看，現階段是中長期的相對低點；再來，中信優先金融債在過去兩年中，每月的配息金額都落在0.16至0.17元區間上下，配息政策穩定有利於長期投資領息族。我是第三種人而你是哪種 就自己決定吧,NaN,0,6
96,[],NaN,NaN,85,3,76
97,"['台積電', '鴻海', '中租-KY', '健策', '中保科']",NaN,做個生活中的擺渡人 3/26 笑傲寫09:00一個人駐足岸邊，試著回想，當你最悲傷、難過、失意、失戀時，會冀望著誰帶你爬出泥沼？你心中是否有個貼心的知己、心靈導師(禪師者)願意聽人傾訴、排憂解悶，得到指引?人生的苦難，彷彿是一條漫無邊際的河流，《擺渡人》的任務就是送你上岸！人人在不同身分，不同職場，都希望你是個肚大優質的擺渡人，能不吝指導於他人，提攜後進、初學，給人方便，拉人一把，讓你身邊的人因你的善心，而能早日上岸脫離泥淖。有一次，禪宗五祖弘忍大師夜半傳衣缽與惠能(六祖)，相偕於天未亮之際，送出九江口(江西省)。弘忍拿櫓欲搖，弟子惠能接過櫓說道:「迷時師渡，悟了自渡。」身為徒弟的不能一輩子仰賴師父的指導，務必提得起「承擔自己」，成就於他人。比如，我們在股市，都是處於資訊與資金不足與不利的局面下討生活，虧損、頹喪經常有之，誰能夠安全度過彼岸呢?而你在面對這眼前險惡詭譎的股浪滔滔，又做何態度呢?笑傲心想多幾百位、千位的股市擺渡人，人人一葉扁舟、竹筏橫江，壯闊鋪排，那不就成就了一片舟岸嗎? 若我們都能成為生活與股市裡的擺渡人，讓更多人穩渡，豈不美善！古人云的「窮則獨善其身，達則兼善天下」的氣度。因此，哪個地方需要擺渡?你就自自然然的隨喜去做；而擺渡人也是個行善之人，一位實踐大乘與金剛乘的菩薩行法者；把擺渡當作生活裡的準則，日日累積自己的福德，以成就人我群倫。(剛文章寫完，老婆送來一碗熱騰騰的蔬菜麵，我隨口道:「妳就是我生活的擺渡人！讓我有早點吃，寫完文後能不捱餓！」她則堆滿了笑容，…我感恩於內人的付出。笑傲經常一早就起來爬文，有靈感就說，內人總會把早餐煮好，等著我吃。),186,19,26
98,['加權指數'],NaN,500萬是怎麼賠的啊不當沖根本賠不掉除非亂砍,4,0,4
99,"['加權指數', '台積電', 'M31', '創意', '緯穎']",NaN,最新前瞻：非農撞上耶稣受難日！美聯儲能否松一口氣……04-03 17:31:13FX168編輯關注摘要：本周市場将迎來關鍵數據——美國非農就業報告，不過周五(4月7日)美國市場因爲耶稣受難日休市，可能會降低該數據的沖擊。FX168财經報社(香港)訊 本周市場将迎來關鍵數據——美國非農就業報告，不過周五(4月7日)美國市場因爲耶稣受難日休市，可能會降低該數據的沖擊。據最新調查，美國3月份的招聘步伐可能繼續顯示勞動力需求強勁但正在放緩，與此同時，預期中的工資增長放緩可能會給正在抗擊通脹的美聯儲(Fed)官員帶來一些安慰。根據彭博調查經濟學家的預測中值，在2月份新增31.1萬個就業崗位後，3月非農就業人數預計将增加近25萬。美國這個全球最大經濟體的就業增長已連續11個月超出預期，這是彭博社自1998年編制數據以來持續時間最長的一次。雖然勞動力需求與供給的比例幾乎是2比1，但工資增長正進一步顯示出降溫的迹象。預計耶稣受難日公布的非農就業報告将顯示，3月份平均時薪同比增長4.3%，爲2021年7月以來的最小年度增幅。3月就業報告将是美聯儲決策者在5月2-3日決定是否繼續提高基準利率之前的最後一份報告。盡管潛在通脹壓力仍在上升，但央行官員們也在考慮長達一年的加息行動對信貸環境的累積影響。甚至在最近幾家銀行破産之前，貸款機構就已經收緊了貸款标準。彭博經濟學家指出：「最終，勞動力供應和需求将更好地達到平衡，但速度相當緩慢。持續緊張的勞動力市場将限制我們預計今年下半年經濟衰退的嚴重程度。它還可能減緩美聯儲對GDP負增長的反應，盡管目前聯邦基金期貨和OIS定價暗示了這一點。」月度就業報告預計也将顯示失業率保持在曆史低位附近。本周其他美國數據包括2月份的職位空缺以及3月份制造業和服務業采購經理調查。美聯儲理事庫克(Lisa Cook)、地區聯邦儲備銀行行長梅斯特(Loretta Mester)和布拉德(James Bullard)将在未來一周發表講話。除美國外，加拿大央行将公布兩項備受關注的企業和消費者信心調查，以及一批新的勞動力市場數據，爲交易員押注央行4月12日的利率決定提供信息。此外，日本央行将更換一位新行長，而印度和新西蘭等國的央行可能會加息，而智利和波蘭的央行可能會維持借貸成本不變。澳大利亞的政策決定懸而未決。敬告讀者：所有内容不代表FX168财經報社立場，僅供讀者參考！FX168提供的交易相關數據及資訊不構成投資決策的依據，由此帶來的投資風險和損失由交易者自行承擔。,10,0,4
100,"['長榮', '萬海', '陽明']",NaN,"放個連假一堆空空出來喊空,看來這些空空壓力很大,祖先顧不了,先求自保,用盡全力喊空",16,0,1
101,"['鴻海', '台積電', '聯發科', '台達電', '大立光']",4月2日！近一季表現全球股市看鴻海業外獲利！序言,昨天說影片會短一點，結果最後一樣是三十幾分鐘，今天我痛定思痛，應該是比較短一些，在清明長假中，很多人都會開車出去塞車及去風景區人擠人，所以還是得留點時間給大家才行。影片第一段來看一下近一季及近半年全球股市的漲跌幅情況，2022年第四季我從全球股市反彈中推測出，鴻海2022年第四季業外的其他利益及損失會賺錢，果然2022年第四季鴻海這部份就賺了37.41億，今年第一季結束了，全球股市漲跌幅情況也出來了，第一季還是上漲了不少，所以預期鴻海第一季其他利益及損失也是能賺錢，至於鴻海業外關聯企業就要看夏普第一季虧損是否會減少，雖然夏普2022年第三季及第四季都大虧，不過看群創及友達第一季股價上漲不少，應該是春江水暖鴨先知，一些業內的人知道第一季面板反彈了不少，所以就押寶面板業第一季應該是會虧損收斂，第二季可能有機會就轉虧為盈之類的，夏普佔鴻海的總獲利雖然沒有多少，不過也是有十幾億到幾十億的水準，還是能稍微透過面板報價去推測夏普第一季的獲利及虧損情況。影片第二段來看一下一般討論區網友提問，存高股息股票是否會成夢魘呢？我們之前有分析過高股息及大盤的短期及長期獲利，今天我們就把鴻海，大盤，0050，0056的短期及長線獲利做一個比較，我說過，大盤因為沒有每年被ETF券商吸血管理費及換倉費，所以一定是能打爆0050及0056這兩檔ETF的，而0050及0056兩者相比，因為0056選的是高股息，一般來說，就是公司沒有發展性才會選擇把賺到的錢都配出來，當公司把賺到的錢都配出來後，就很難獲利再投入，白話文來說，兩間公司資產100萬，一年賺10萬，一間全配出來，另外一間僅配五成，如果兩間公司獲利能力不變，每年都能賺資產的10%，那時間愈久，兩家公司的獲利及淨值就會愈拉愈開，這也是為什麼高股息會慘輸0050的原因，我們順便把鴻海也拿進來比較，在2007年時，鴻海股價202元，那時鴻海淨值僅有55.75元，獲利已經被拿走了146元，我個人不是在2007年買鴻海，當我看上鴻海時，是2009年3月左右，那時鴻海淨值83元，股價73元，我說過，如果你花過高的價格買到一家好公司，長期下來你也是會輸大盤的，這也是為什麼台積電，台達電，聯發科是好公司，但我卻不會買，因為如果我買了這些公司，未來這些公司獲利不再快速成長時，淨值及股價之間的差距就是需要我來付，這樣整體的報酬率就會慘輸大盤，我看上鴻海並買進的時刻，幾年下來是不會輸大盤的，更不會輸0050及0056。影片最後一段來看一下A大頻道網友問答，有一些網友看我文章一個月，八個月，一年，當你看的愈久後，你會發覺自己的程度愈來愈好，一些之前敢酸你及嗆你的同事或朋友，你總是能用中長線投資鴻海打他們的臉，讓他們完全說不出話來。文章主題內容如下1、近一季表現全球股市看鴻海業外獲利！2、股市中存高股息股票是否會成夢魘呢？3、時間會證明股市長線投資者總是贏家！本以為會短一點，結果全部弄完，還是30分鐘，還留了四分鐘明天用。來看一下近一季及近半年全球股市漲跌幅情況吧，道瓊指數近一季上漲0.38%，近半年上漲15.83%，S&P 500近一季上漲7.03%，近半年上漲14.61%，那斯達克近一季上漲16.77%，近半年上漲15.57%，費城半導體近一季上漲27.60%，近半年上漲40.06%，滬深300近一季上漲4.63%，近半年上漲6.47%，日經225指數近一季上漲7.46%，近半年上漲8.11%，南韓綜合指數近一季上漲10.75%，近半年上漲14.91%，新加坡海峽近一季上漲0.14%，近半年上漲4.11%，台灣加權指數近一季上漲12.24%，近半年上漲18.20%，近一季以來，台股在亞股中表現算是最好的，不過輸給了那斯達克的16.77%及費城半導體27.6%，即然第一季全球股市上漲，那鴻海業外的其他利益及損失應該又會賺錢。在鴻海還沒有開出2022年第四季獲利時，我就和大家說過，2022年第四季全球股市反彈一些，所以鴻海業外損益中的其他利益及損失會是正數的機率很大，從鴻海2021年第四季開始，業外損益的其他利益及損失一直是賠錢的，道理很好懂，鴻海持有的基金及股票都是全球一流的大公司，在全球股市整體下跌時，自然鴻海持有的基金及股票也會賠錢，從2021年第四季開始，分別賠了48.7億，56.99億，64.92億，36.17億，雖然每一季鴻海業外損益中的其他利益及損失都是賠，但鴻海的獲利一直是年對年成長的，就知道鴻海的獲利能力有多強，到了2022年第四季時，很多鴻海業外關聯企業獲利表現的不好，例如夏普，這家算是鴻海業外關聯企業很重要的一家，每一季影響獲利是有十幾億到幾十億等級的，結果2022年第三季及第四季夏普都大賠，這就造成了鴻海業外關聯企業獲利不好看，2022年第四季更是破天荒的賠了18.13億，大家要知道，鴻海業外關聯企業這一項很少在賠錢的，在2020第一季發生百年一遇的COVID-19時，中國很多工廠停工，鴻海的這一個項目才賠13.87億，這一項會賠，有很大原因就是因為夏普賠錢，在2022年第四季的財報中，鴻海業外的其他利益及損失比我想像中的好一些，業外關聯企業比我想的差一些，我原本估計，再怎麼差，了不起就是和2022年第三季那樣，就僅賺個17億這種水準，結果賠了18億，一來一回差了35億，我原本預期業外損益的其他利益及損失賺10到20億，最終賺37億，一來一回，比我想的差了10億左右，隨著第一季過完，全球股市也都知道漲跌幅了，理論上業外損益的其他利益及損失這一項第一季鴻海應該是會賺。至於2023年第一季夏普虧損是否會減少，那就要看面板的報價了，新聞上說，電視面板方面，繼今年2月價格率先反彈，今年3月、4月漲勢延續，初估5月份將受到終端市場變化，以及領導品牌大廠的拉貨力道是否增強。而電視面板的open cell出貨情況也將連帶影響到Monitor面板後續報價，看樣子面板的報酬有在二月時就反彈，我沒有仔細的研究面板報價行情，不過正所謂春江水暖鴨先知，看一下友達的股價反彈了一大波，理論上目前面板的價格一定就是比之前改善了，一些有在研究面板報價的外資群，主力，法人，在公司獲利還沒有出來前就會先去佈局，大家還記得之前友達吧，在獲利最高點時，主力，法人，外資群拼命的倒貨，散戶拼命的買，說友達一年能賺6.44元，散戶們都說打死不退，完全不怕，結果2022年友達賠2.39元，還有幾個當初說很有信心的散戶還活著，對散戶來說，他們覺得一年賺6.44元，股價18元的話，本益比才三倍不到，當友達一年賠2.39元時，他們就不知道如何去估股價了，這也是為什麼我和大家說，你如果沒有一定的功力，你不要碰景氣循環股，別人在面板報價在上漲時就先去押寶了，在面板漲到頂端時就在倒貨了，一些散戶看到財報後才在那買或賣，那就太慢了，不過我們單純就是想稍微看一下友達的股價去判斷一下夏普第一季虧損會不會擴大或收斂，以現在來看，夏普虧損應該是會收斂的機率比較大，市場是說第二季就有可能獲利，第一季是谷底，鴻海就算持有夏普這樣的景氣循環股，在大賺時暴賺，在賠時暴賠，但鴻海的獲利還是能保持的很平穩。https://youtu.be/NAtxCsZ7e4s,351,38,198
102,['新日興'],NaN,居然沒什麼什麼人在關注、討論這支個股？已經不是產業龍頭了嗎？,NaN,0,9
103,['加權指數'],NaN,中國跨境人民幣結算，至去年底已達42兆人民幣，5年來增加3.5倍！今年可望佔世界總量的10%，3年後會達到3成！美元指數，3年內將貶到80！,9,0,3
104,"['富邦恆生國企', '富邦恒生國企正2', '富邦恒生國企反1']",NaN,國企指數今日回測五日線，收盤維持高於3月3日收盤價。,7,0,4
105,"['加權指數', '台新金', '國泰金', '中租-KY', '儒鴻']",NaN,股市之難與登山（一日攻）有異曲同工的相同之處。*登山ㄧ日攻能否順利地達陣，有著諸多的因素考驗著缺ㄧ不可。如當日的氣候如何？該目標近日的山況如何？攀登者今日的生理狀況如何是否適宜？同行隊友的經驗及領隊的經驗及指揮能力，若滿足的條件越小預強行攻頂的風險則增加喔。🥲🥲🥲*誠如山界的名言，山永遠都在，如果你今日狀況不好下回再來即可，它永遠都在那裡隨時等候你的拜訪光臨喔。☺️☺️☺️*股市亦然，如果盤勢看不清多空方向空手等待也很好，等多空趨勢明朗後再切入也較安全。現在通膨嚴重錢難賺，沒有絕對把握勿貿然投入股市這殺戮戰場，外資，官股，主力，散戶，每個人都想贏走別人的籌碼，誰的勝算大呢不言而喻？😲😲😲*所以股市與登山亦然，股市永遠也是在那裡，等你充足準備好了再進場也不遲喔。🙂🙂🙂☆北插登山團2012-目前工作關係大概都沒機會拜訪山林了，可能說不定要等退休後了，到時再好好地遊山玩水一番（小白在哪？）。,36,33,9
106,"['晶豪科', '福貞-KY', '福壽', '台榮', '台聚']",《發財1哥》為您解答所有股市疑問,🍎🍎🍎晶豪科（3006）：1.今年2月份營收8.9億，年增率-43.1%，月增率13%。2.今年前2個月累計營收16.78億，累計年增率-48.5%，今年營收嚴重衰退。3.去年EPS 3.71元，較前年減少14.05元，獲利嚴重衰退。4.目前本益比21.75，合理本益比大約20，股票大約74.2元的價值。5.這支股票從2022年3月的182元跌下來，近期跌深反彈，外資及主力3月31日進場同步大買，4月中旬前有機會持續大漲。6.這支股票去年獲利嚴重衰退，今年前2個月營收幾近腰斬，4月中旬以後恐怕有點危險，需特別小心。🍄🍄🍄福貞-KY （8411）：1.今年2月份營收5.66億，年增率24.7%，月增率13.2%。2.今年前2個月累計營收10.67億，累計年增率-6.14%。3.去年EPS -1.69元，創歷史最差紀錄，較前年減少3.91元，獲利嚴重衰退。4.若營收持續沒有好轉，今年下半年股價有可能跌破11元。💞💞💞《發財1哥》絕對是最專業、認真、負責的老師，有任何股票疑問都可到《發財1哥APP》聊天室詢問。📣📣📣訂購《發財1哥APP 》連結👇👇https://cmy.tw/00Abn4⛔⛔⛔上面這2支股票是訂購《發財1哥App》用戶請求分析的股票。內容僅為個人研究心得，並非投資建議，請自行審慎評估風險，盈虧自負。👍👍👍看完記得《按讚》,94,5,25
107,['仁新'],NaN,NaN,94,7,17
108,"['佳世達', '友達']",NaN,佳世達不只公司派、還有員工持股會，今年友達增資康利、隆利40億，也是隨時會出手的友軍⋯空軍1號瑞信倒了，唯一空軍2號瑞銀雙手難敵八掌(巴掌)！友達公司擬參與認購子公司康利投資股份有限公司及隆利股份有限公司現金增資，預計一次或分次辦理增資康利投資及隆利投資，合計新台幣40億元。迄目前為止，累積持有康利投資及隆利投資合計新台幣144億1000萬3仟元，持有康利投資股份100%，持有隆利投資股份100%。上次友達2021年增資花10億買了佳世達三萬多張，這次再增資部隊埋伏在側隨時可伏擊😎😎,124,39,36
109,"['合一', '中天']",NaN,"請問合一速必一ON101為何要分為FESPIXON與Bonvadis兩種名稱,乳膏成分及售價是否相同呢?",NaN,0,5
110,['雷虎'],NaN,各位大大高手們，你們覺得雷虎哥會上看多少呢⋯⋯還是會看空呢,NaN,0,12
111,['元晶'],NaN,還會續跌嗎⋯⋯,NaN,0,13
112,['穩懋'],NaN,穩懋何時噴出請各位神人提示感恩喔？,NaN,0,10
113,"['江申', '中華', '裕隆', '和泰車']",NaN,"這家公司匯回留下了快2倍股本的現金,也沒投資也沒負債,當然更不想配給股東,到底是留著做甚麼?裕隆集團或中華車跟和泰車(國瑞)兩家大股東有甚麼想法??很好奇??",NaN,0,4
114,['景凱'],NaN,香水10幾種今天想噴哪一種？品項太多不知道該如何抉擇針對不同的場合去選擇標的1000多種你（妳）想選擇哪一種？看著那麼多的標的是不是會眼花撩亂不知道該怎麼選擇時代變遷生技股已不是人人害怕的了經過新冠肺炎大家還不會害怕嗎😱自己的健康嗎？生技已經是趨勢全球都在積極研發新藥為的是什麼？………….活下去人一老什麼煩惱都沒有腦袋一空🧠身體機能下降⬇️什麼病痛都會一一浮現只怕活不下去因為我們還有很長的路要走,10,1,2
115,['巨有科技'],NaN,逐夢；築夢；圓夢,3,0,1
116,['長科*'],NaN,逐夢；築夢；圓夢,3,0,1
117,"['加權指數', '長榮', '陽明', '萬海']",NaN,https://www.chinatimes.com/amp/realtimenews/20230403002102-260402唉 500萬可以去200次泰國 100次日本 50次歐洲去年年初閉著眼睛買，熬過去年10月放到現在很多股票都回來了，有些還賺一筆，可能運氣不好選到放到現在還大賠的股票…很多水手都走了….,8,0,3
118,['全福生技'],NaN,各位先進想請問 台睿 Rexis解盲失敗的前因後果，是否有甚麼可以給阿福參考以及判斷的呢?-----個人看法rexis1.依據學術型臨床試驗顯示，其活性成分並用於敗血症標準治療可有效降低死亡率2.相似rexis的活性成分於國外已有人體使用歷史3.rexis免除臨床一、臨床二，直接進入臨床三期。rexis參考學術臨床試驗+相似成分使用依據就進行臨床三期阿福brm421則是扎扎實實的通過臨床一、臨床二，再進行臨床三期。我認為rexis與brm421這兩者雖然都是三期解盲，但是阿福的brm421臨床數據比rexis更扎實點。,11,1,5
119,['群創'],NaN,這隻今年配多少呢？？,NaN,0,22
120,['台中銀'],NaN,6000元入帳，開市要來買個半張台中銀。期許今年底手上可以變成300張！,10,0,6
121,['藥華藥'],NaN,"藥華4/10，GDR, 應該可以順利籌資，也希望往後財務能好好規劃，究竟一直增資，私募，GDR也不是補虧損大窟窿的最好方法，根本之道還是要賺錢，賺錢還是要看美國子公司銷售業績，如果銷售業績達不到目標，林執行長就要有改革的執行力。一般G D R 定價差不多是現價打九折左右，如合一G D R，那時股價很高在324.5元。不過G D R發行後股價就呈現下跌走勢，也是耐人尋味。合一 (4743-TW) 公告海外存託憑證 (GDR) 訂價完成，每單位發行價格約 51.11 美元、換算每股約 292.39 元，收盤價 324.5 元計算，折價約 9.9%，實際發行 346 萬單位 GDR，",38,4,7
122,"['中信高評級公司債', '中信優先金融債']",NaN,這個月會配息多少啊？開獎了嗎？,7,0,6
123,['鴻海'],NaN,我死的好慘阿 110.5*1 109.5*10 108*0.5 104*1 103*1 102*1 101.5*0.1 102*0.1 100.5*0.1 107.5*0.1 109*0.1 104.5*0.1 105*0.1 103.5*0.5 103*0.1 100.5*0.2 99.8*0.1 98.4*0.1 98.6*0.1 98.8*1 98.2*0.2 99.7*0.2 102*0.1 最討厭放連假了 沒開盤有夠無聊 郭董賠錢拉!!!,35,14,11
124,"['加權指數', '銘旺科', '佳龍', '東元', '宇隆']",NaN,🐷最近美軍在中東吃癟了😁話說美軍偷油部隊在敘利亞壞事幹了不少，除了佔領他國領土還專門偷油，最近被敘利亞民兵攻擊暴打，美國吃了癟就想轟炸回擊，沒想到又被伊朗無人機攻擊暴打💥美軍偷油部隊慌了，連忙倉皇出逃，帶著贓物逃到伊拉克😵‍💫又被伊拉克反美武裝力量攻擊😆😆一時之間美國這鼠輩國家真成了過街老鼠到處流竄了😆😆😆....這應該是今年以來較正面的新聞了呀....😂😂😂,75,9,52
125,"['創意', '神準', '加權指數', '巨有科技', '虹堡']",NaN,永遠相信遠方　永遠相信夢想　走在風中雨中都將心中燭火點亮　給你溫柔雙手　給我可靠肩膀　今夜可以擁抱可以傾訴忘卻徬徨★永遠相信遠方　永遠相信夢想　希望是迷霧中還能眺望未來的窗　心酸釀成美酒　苦澀因愛芬芳　回頭風裡有歌 歌裡有淚 淚中有陽光https://youtu.be/CNZocoqsRX8,126,85,94
126,['台亞'],NaN,哈哈，還要3-7年，有辦法等的人請舉手，但是數百億美元的商機🤣🤣https://news.xfastest.com/apple/125878/apple-236/,22,0,8
127,['加權指數'],NaN,3年後，人民幣將升值到5對1美元！,7,0,2
128,"['長榮', '陽明', '萬海']",NaN,"繳稅是人民的義務與權利,卻有人繳不起稅,擔心到別人繳稅,拼命叫人別繳稅,怕繳稅就宅在家當個廢人當個鍵盤俠什麼事都不用做就可以了,今天真是大開眼界",10,0,2
129,['國泰智能電動車'],NaN,可以買了嗎？,NaN,0,1
130,['南寶'],NaN,南寶(4766)法說會Call Memo(emoji)2023年預期營收與同期相當；產品價格緩跌反映原料，原料價格趨勢若維持，毛利率有機會維持趨勢；費用率增加0.5-1%(emoji)鞋材1Q23衰退沒有預期高，但2Q23還是偏弱，不過隨著品牌庫存得到控制，以及2024年奧運效益，預期3Q23回到持平、4Q23重回成長(emoji)大連董事會決議美股37元現金股利，南寶可認列3.9億(emoji)營運(emoji)4Q22接著劑74%(YoY+14%)、塗料與建材22%(YoY+17%)、其他4%(YoY+5%)；毛利率26.6%，季增2.3%，主要是售價調漲反映成本；費用率16.8%，主要是子公司一次性費用所致。(emoji)2023年預期營收與同期相當；產品價格緩跌反映原料，原料價格趨勢若維持，毛利率有機會維持趨勢；費用率增加0.5-1%，主要是研發大樓進駐啟用；有效稅率預估增加1-2%。(emoji)今年配發現金股利10元，殖利率7.2%。股利政策調整為未來配息目標65%以上。大連董事會決議美股37元現金股利，南寶可認列3.9億。(emoji)入股常熟裕博高分子70%股權，合計投資人民幣1.1億，預估2Q23完成；主要作做碳纖維環氧樹脂產品，入股後需要一年整頓，希望可以透過裕博切入中國市場。今年預估營收，過去毛利率25-30%。(emoji)王子製藥(持股50%)登錄興櫃，生產原料藥與代工保健食品，2022年轉盈，(emoji)事業展望(emoji)鞋材：1Q23衰退沒有預期高，但2Q23還是偏弱，不過隨著品牌庫存得到控制，以及2024年奧運效益，預期3Q23回到持平、4Q23重回成長。1H23衰退幅度比4Q22預期和緩。(emoji)特膠：1Q23營收季減，2Q23終端市場趨於保守需求還是偏弱；去年有把部分低毛利產品放掉，今年會提升競爭力，聚焦高毛利產品與調整產品結構。專注市場規模較大產品包括紡織、高科技、軟包、木工、衛材。(emoji)建材：主要在澳洲市場，今年逐步反映成本調漲價格，營收預期略成長，毛利提升。,2,0,2
131,['元大台灣高息低波'],NaN,請問00713在3月除息配息的錢何時會入帳看戶頭好像還沒收到謝謝,NaN,0,4
132,['富邦媒'],NaN,可以買了嗎？ 這一波應該可以上千吧,NaN,0,5
133,['盈正'],NaN,"剛看了盈正長線指標，從2011年MACD跌落0軸之下，這11年期間MACD雖有翻紅,但都是0軸之下翻紅，因此漲幅均不大，一直到2022年02月，MAcD 翻紅才有過在0軸之上，維繫至今年，就算之前翻綠過，還在0軸之上，而MACD 月指標經過半年綠柱，在3月收紅上來，正式翻轉紅柱，搭配kD 指標往上，加上量能增加，我預判此波線型多頭行情，盈正至少有2-3年長多走勢。",22,3,3
134,['昇達科'],NaN,大家覺得下週開盤是漲還是跌呢？,NaN,0,13
135,['華新科'],NaN,家母這支被套了10幾張在山頂，請問今年有機會重返200嗎？,NaN,0,20
136,['保瑞'],NaN,今年年底可能到1400嗎（除權前）.....,NaN,0,14
137,['奇鈦科'],NaN,冒昧請問一下，是有什麼題材？攻上漲📈停呢？！,NaN,0,4
138,['鴻海'],NaN,我目前的持有價是103.5，預計113.8賣出～衝吧📈📈📈,NaN,0,9
139,['聯電'],NaN,56才解套🥲🥲,NaN,0,9
140,['北極星藥業-KY'],NaN,持續的下跌，可以賣了嗎？持有價是100.5,NaN,0,16
141,['虹堡'],NaN,會到100嗎,NaN,0,5
142,['材料-KY'],NaN,請問今天還可以追張嗎？謝謝,NaN,0,9
143,"['創惟', '力致', '揚智', '欣興', '威剛']",NaN,中午我才說股票有人輸光錢破產今天下午就來這一個新聞不要覺得自己不會是破產的那一位😤因為很多人玩股票都沒有想過股票錢如果輸光未來的日子要怎麼過😤玩股票真的要量力而為😤😤買股票要自己研究過這樣才能耐了住股價短期震盪永遠保留備用資金才有機會東山再起文章只是記錄自己靠北股市心情不建議偷跟單....沒有什麼目標價我心情好股票賺錢就賣了股市有1700多檔不建議買高風險轉虧為盈的股票不用怕買不到股票只怕沒有錢買股票跟風同學會達人買股票你有可能永遠沒有辦法解套買股票的時機當大家都看壞的時候慢慢買股票當大家看好的時候就慢慢賣股票不要看別人股票賺多少錢你要看自己能在股票每年賺多少錢買股票要做最好的準備也要做最壞的打算被套牢股票沒有人買在最低股票也沒有人賣在最高股票只要賺錢賣都是對的股價像人生一樣人生就是起起落落股價也是起起落落你可以對股市敬畏但不要對股市恐懼股票理由還在就抱緊買股票的理由不在就快點賣有追蹤我的股市小白有空可以在我同學會留言評論讓我知道你曾經有來過股市小白有空可以讀我的簡介你會在股市少輸很多錢大家一起努力加油了👊👊👊理性投資啊...https://www.ettoday.net/news/20230403/2472395.htm?from=fb_et_news_comment,12,1,2
144,['富邦越南'],NaN,越南Markit制造业PMI再度跌落50https://rl.fx678.com/id/112019032810098882.html台股休市時富時越南ETF可參考其他國家交易所報價https://hk.investing.com/,15,0,3
145,['金益鼎'],NaN,"根據「全球權威性機構」的報告，銅價將會維持在高價格，而8390金益鼎本業「銅回收佔比約50%」，高銅價有利於保持一定水準的獲利。而根據 MoneyDJ新聞內容中針對銅價的報導引述了根據-標普全球（S&P Global）的報告預估如下（我將內容重點進行有條理的截取與分段書寫重點以便同學們理解）：1.銅的需求爆增主要來自於「太陽能發電、電動車」2大方面2.太陽能發電對銅的需求美國已經訂下至2035年達成電網零碳排的目標，並希望至2050年達成美國經濟的淨零碳排，而想要達成此目標就必須要從化石能源轉向可再生能源，這將會帶動銅的需求增加。相比於天然氣發電廠或是燃煤的火力發電廠等傳統發電，每百萬瓦的太陽能發電，其銅用量是傳統發電的兩倍之多，而風力發電機的銅用量更達到傳統發電的五倍之多。3.「電動車+充電樁」對銅的需求3.1.電動車則是銅需求的另外一大增長來源。美國目前的電動車保有量已經超過100萬輛，而預估至2030年，美國的電動車保有量將增長至1,800萬輛。相關的基礎建設也必須快速增加，美國已經計劃至2030年要建立50萬個電動車充電站，並計劃在公共運輸當中採用1萬輛的電動巴士。3.2.根據報告，傳統汽車平均每輛會用到18-49磅的銅，而電動車的銅用量高達183磅，電動巴士的銅用量更高達814磅。4.全球銅的供給量不足（需求遠大於供給）至2035年，全球銅需求將較目前的每年2,500萬噸倍增至5,000萬噸；而預估至2030年，全球銅產量將只能滿足80%的需求。",20,5,1
146,"['台塑', '台塑化', '台化', '南亞', '台達化']",NaN,"意外！OPEC+宣布減產約每天160萬桶2023/04/02據官方媒體報導，石油輸出國組織與夥伴國（OPEC+）的沙烏地阿拉伯和其他產油國2日宣布自願減產，從5月到今年底，將合計減產約每天160萬桶。先前OPEC+還表示會維持穩定供應，以維持穩定的市場。俄羅斯副總理還表示，莫斯科自願減產每天50萬桶的措施，將延長至今年底。沙烏地阿拉伯也表示，從5月到今年底將每日減產50萬桶。阿拉伯聯合大公國、科威特、伊拉克、阿曼和阿爾及利亞表示，它們將在同一時期自願減產。阿聯表示將減產每天14.4萬桶，科威特宣布減產每天12.8萬桶，伊拉克表示將減產每天21.1 萬桶，阿曼宣布減產每天4萬桶，阿爾及利亞表示將減產每天48,000桶。沙烏地能源部在一份聲明中表示，該國自願減產是一項支持油市穩定的預防措施。",21,7,4
147,"['華邦電', '台積電', '欣興', '緯創', '龍德造船']",NaN,台北強哥，老粉絲們～●圖一緯創、欣興、臺企銀、啟碁、聯電、台積電、金像電、華通、京元電子、系統電、建準、燿華、台達電及敬鵬等14檔三率三升股本周皆獲三大法人買超，後續有望扮演多頭領頭羊，其中緯創，欣興，台企銀，台積電，聯電，華通比較有規律走勢，比較容易判斷走勢，回檔可以低接，哪裡價位接？APP聊天室可以問強哥，■圖二台積電、安勤、龍德造船、王道銀行、中磊、M31、營邦、環球晶、穎崴、濟生、華景電、閎康、南光、汎銓、緯軟、中菲等16檔個股，2022年獲利創新高，以電子股居多。台積電，龍德，M31，穎威，要隨時盤中注意轉向走勢，要注意什麼可以個股來APP聊天室問強哥，以上熱門股票，會員大多在聊天室問過了，週四開盤可以再問一次高低點目標價！看誰先來目標價！🥰欣興，元太下一個波段高低點（裡面保瑞已經調高目標價，價格位置去生技股那篇看）;https://www.cmoney.tw/notes/note-detail.aspx?nid=616423❤️台北強哥APP終身5折優惠，官方隨時關閉優惠不再延後～請把握！同學會訂閱連結；https://cmy.tw/00B8Os關閉就只能買月定$790優惠，快加入APP享用自己的〔自選股〕也有AI智慧指標，即日起會員的自選股就可以享受使用，會員請重新下載APP即可更新系統，文章為個人投資經驗，且無任何推介、招攬之意，惟過去歷史未必能複製於未來，投資人應獨立判斷，審慎評估並自負投資風險 !!https://cmy.tw/00BcEt追蹤按讚,228,206,70
148,"['台聚', '台榮', '福壽', '光聖', '台積電']",NaN,🥰🥰🥰《清除雜物，清爽過生活》前幾年，日本作家山下英子提出「斷捨離」的概念，那本書大為暢銷，也掀起一股從清理家中雜物到整理生活的風潮。所謂「斷捨離」是指斷絕不需要的東西，捨棄多餘的廢物，脫離對物品的執著，山下英子甚至認為只要捨棄房間廢物，機會就會降臨，也會遇上美好的邂逅，工作效率會提升，靈感泉湧，好事將源源不絕而來。雖然聽起來有點不可思議，但我們在整理環境時，同時一邊在思考，慢慢釐清自己的思緒，瞭解現在到未來需要些什麼？清除了無用的雜物之後，也將心中的混亂梳理了一遍。被堵塞滯礙的人生重新順暢流動，煩悶也跟著煙消雲散，當然會變得愉快清朗。整理是必要的，但也不要太過度，有點亂又不會太亂，整齊清爽又不失去人味為大原則。這也是書架、書房、辦公桌的最佳理想狀態，這種必要的小小混亂是創新、好奇的來源，也是人生活得興高采烈的條件之一。,139,3,21
149,['和桐'],NaN,董監持股10%外資持股17.8%2023 六月董監改選請問這會保有董監席次嗎？,NaN,0,4
150,['加權指數'],NaN,洗版的空軍變好多心裡莫名地安心😊,NaN,0,6
151,['博晟生醫'],NaN,6000元你會用來買股嗎？還是貼補即將漲價的電費還是大吃一頓還是另有用途,NaN,0,8
152,['矽格'],NaN,6257矽格有人買嗎？後勢如何？,NaN,0,14
153,['中租-KY'],NaN,想問一個題外話，想知道或有想法的朋友可以一起提出來，目前小弟佈局的產業為半導體、半導體相關的化學跟耗材股、金融、生活用品、生醫、車用與一檔ETF，想問的問題是除了產業夠不夠分散之外，還有什麼未來的明星產業我沒注意到的嗎？主要以龍頭股或冷門的績優股為主，如果有什麼建議的標的也可以丟出來分享一下，感恩大德：）,NaN,0,9
154,['臺企銀'],NaN,新手請教借券這些選項什麼意思？需要怎麼選擇，謝謝指教,NaN,0,4
155,['加權指數'],NaN,清明連假後台股會大漲嗎？,NaN,0,7
156,['總太'],NaN,想問板上各位高手們，想領股利但目前均價在43要續買是先賣賺價差呢？新手求建議，謝謝🙏,NaN,0,8
157,['總太'],NaN,想請問 成本在39要續抱領股利 還是賣出了,NaN,0,21
158,['連宇'],NaN,會被處置嗎？,NaN,0,3
159,['東哥遊艇'],NaN,請問這張大家多少會買進？,NaN,0,11
160,"['陽明', '長榮', '萬海']",NaN,拜托這三支垃圾股麻煩請滾出台灣，高利多的公司，股價可以爛成這樣 董事可以去跳樓吧！,NaN,0,9
161,['華新'],NaN,請問大神們 華新發債對股價的影響是？？,NaN,0,7
162,['華邦電'],NaN,可以賣了嗎？後面還會有漲勢嗎！！,NaN,0,10
163,"['美時', '台康生技', '合一', '保瑞', '寶齡富錦']",NaN,台北強哥，老粉絲們～■假日解析美時，下面有美時，合一，台康，寶齡，保瑞高低點目標價！●圖一美時布林通道週線，一直在緩慢回檔，對多頭走勢產生危機，●圖二美時布林通道日線在中軌下軌，中軌無法突破，走多頭走勢，●圖三美時布林通60分線開始往下軌走勢，多空對峙狀態，美時需要一個題材解套，🥰美時，合一，寶齡，台康（保瑞價格看下面專篇）布林通道波段高低點目標位置；https://www.cmoney.tw/notes/note-detail.aspx?nid=603582🥰保瑞最新布林通道波段高低點目標位置；https://www.cmoney.tw/notes/note-detail.aspx?nid=619742❤️台北強哥APP終身5折優惠，官方要是關閉優惠不再延後～請把握！同學會訂閱連結；https://cmy.tw/00B8Os關閉就只能買月定$790優惠，好好追蹤文章～快加入APP享用〔自選股〕的AI智慧指標，即日起會員的自選股就可以享受使用，會員請重新下載APP即可更新系統，文章為個人投資經驗，且無任何推介、招攬之意，惟過去歷史未必能複製於未來，投資人應獨立判斷，審慎評估並自負投資風險 !!https://cmy.tw/00BcEt追蹤按讚,249,169,72
164,"['合一', '中天', '鑽石生技']",NaN,中天股票股利 0.96元、現金股利 0.04 元合一股票股利 1.4 元、現金股利 0.1 元發放股票股利代表公司對現金有需求如隔年要擴建廠房、增加研發資源、銷售費用...等表示公司樂觀看待未來獲利展望值得一提的是此次是合一睽違七年後再次配股中天今年是連續第三年配股合一配股有50%來自於公積配股中天配股有62%來自於公積配股公積配股是將資本公積轉為公司資本按照股東持股比例配發股票藉此增加投資者的投入資本簡單說就是股票從自己左口袋放到右口袋本來都是自己的只翻個面再放回口袋對於一般投資人公積配股比較無感相信持有中天、合一的投資人期待的不只是填權，還希望股價再創歷史新高除權息日期4/18日股東會應該會公布屆時先觀察能不能快速填權股東會之前我們就繼續陪達人玩沙吧 ~,435,23,116
165,['尼克森'],NaN,請問各位大大，配發1600股、在買400股等於兩張嗎？感謝🥹-@@-,NaN,0,5
166,['耀登'],NaN,黑科技產品「微米波天線」下個月，要在其他星球的飛碟交通器，全面更換為微米波天線，淘汰毫米波,NaN,0,5
167,"['jpp-KY', '華邦電', '展達', '美時']",NaN,NaN,86,9,21
168,[],NaN,NaN,41,5,13
169,[],NaN,NaN,56,8,12
170,['合一'],NaN,你以為自己參加的是做多群組、抱股團，殊不知其實背後是放空團隊，不要太相信網路的一切，凡事都有背後的目的！,NaN,0,7
171,['元大美債20年'],NaN,試問 出借679B哪個卷商較好出去呢目前永豐申請一個禮拜沒消息國泰 元大 還是其他的？,NaN,0,6
172,['同亨'],NaN,怎麼沒有外資，大戶注意到這支股市？成交量好少？,NaN,0,12
173,['十銓'],NaN,大家都說十銓會續漲！可是凱基這個隔日沖大戶買了2000多張⋯週四開盤會倒貨嗎？,NaN,0,12
174,['正隆'],NaN,以下2個問題：1.持有正隆零股是否需參加電子投票才能領取股東會紀念品？2.零股如何參加電子投票嗎？,NaN,0,3
175,"['台積電', '國泰永續高股息', '元大高股息', '元大台灣50', '加權指數']",NaN,NaN,152,4,30
176,['永虹先進'],NaN,請問這是好還是不好的訊息？,NaN,0,14
177,['宜特'],NaN,然後呢！,NaN,0,7
178,['泰詠'],NaN,下週會不會过前波高點?,NaN,0,12
179,['亞翔'],NaN,同學大神們請問亞翔 有發行可轉換公司債嗎？,NaN,0,3
180,['元大美債20正2'],NaN,今天怎麼會漲?我看十年公債植利率是漲的?,NaN,0,3
181,['華孚'],NaN,華孚後市如何呢。。。,NaN,0,6
182,['華電'],NaN,今天表現的很棒，才跌0.91%！（咦,NaN,0,5
183,['華孚'],NaN,假設今天是被隔日沖搞到漲停，連假回來會不會被搞到,NaN,0,7
184,['陽明'],NaN,是否可以買進了？,NaN,0,9
185,['亞翔'],NaN,到底是真籌碼 還是當沖客?最近波浪有點大,NaN,0,7
186,['華孚'],NaN,會收平嗎？,NaN,0,1
187,['虹光'],NaN,請問那個什麼鷹的還在嗎？去年一直喊快漲了漲到哪？越來越慘套好久拜託趕快四處去推銷一下..,NaN,0,3
188,['漢翔'],NaN,連假要來了 請問應該要抱著嗎？,NaN,0,9
189,['榮成'],NaN,賣紙的，最後自己會變成壁紙嗎？,NaN,0,2
190,['南港'],NaN,是有啥事？連著兩天晚好幾分開盤！,NaN,0,2
191,['東鹼'],NaN,今日收盤硬是壓到月均之下，本來想說昨天帶量衝破月均，今天真的難看。難道是在甩轎嗎？各位大神怎麼看呢？,NaN,0,4
192,['永豐台灣ESG'],NaN,請問，借券我可能會損失什麼？,NaN,0,3
193,['飛宏'],NaN,60都站不穩,NaN,0,2
194,['岳豐'],NaN,"真的別害人了,一群套多少的　在那跟你說利率？？陽明長榮殖利率多少？岳豐本業虧多少？笑死",NaN,0,6
195,"['加權指數', '鴻海', '中鋼', '中華電', '台塑']",NaN,NaN,21,7,6
196,['國建'],NaN,照往例，配息是不是有一塊錢🤔，不知道為什麼還沒公佈，有高手願意解惑嗎？,NaN,0,3
197,"['群聯', 'OTC指數', '加權指數']",NaN,解讀3/15法說中之資料中心商機想知道嗎？（內有分析文）,NaN,0,14
198,['加權指數'],NaN,NaN,61,3,5
199,['冠軍'],NaN,買在14.4…5支 套牢很久沒起色 是否該賣掉換起漲股 電動車、軍用品、航太等相關,NaN,0,3
200,['友達'],NaN,要漲電價了，會對面板業有影響嗎,NaN,0,1
201,['泰福-KY'],NaN,會故意下市嗎 潤泰不缺這間公司把,NaN,0,1
202,['彩晶'],NaN,請問現在是在回測嗎？,NaN,0,1
203,['昱展新藥'],NaN,成交量這麼少 大家都撤退了嗎 我想上車可以嗎,NaN,0,1
204,['台半'],NaN,台半今年業績會很好，漲兩天了明天的滿足點會到120嗎？請問各位先知的看法,NaN,0,1
205,"['宏遠', '加權指數', '南紡', '力麗', '宏益']",NaN,有沒有人知道這代表什麼垃圾東要袍去了嗎？可以賣了嗎？,NaN,0,2
206,[],NaN,今天接到電話，說要到府發股東會贈品（換委託書），單兵該如何處置裡？,NaN,0,4
207,['超豐'],NaN,老闆不夠大方 配息率太低 難怪得不到青睞,NaN,0,5
208,['達興材料'],NaN,對了 想問昨天的拉尾盤是什麼意思有人知道嗎？,NaN,0,3
209,['群電'],NaN,投信連3天大賣，是發生什麼事?,NaN,0,2
210,"['永光', '三晃', '元禎', '開發金']",NaN,持有價是元禎39.05永光29.34三晃24.98開發金17.07是該停損？還是該放著等他漲回來？,NaN,0,32
211,['佐登-KY'],NaN,https://tw.mobi.yahoo.com/finance/公告-代子公司佐登妮絲-廣州-美容化妝品有限公司累積處分理財商品-101644862.html請問各位大大，這新聞是在表達什麼意思？,NaN,0,1
212,[],NaN,NaN,183,19,44
213,"['台積電', '加權指數', '鴻海', '聯電', '台達電']",NaN,NaN,2,0,0
214,[],NaN,NaN,18,0,6
215,['加權指數'],NaN,NaN,23,1,8
216,"['美時', '東哥遊艇', '保瑞', '玉晶光']",NaN,NaN,330,172,121
217,['加權指數'],NaN,NaN,58,1,18
218,[],NaN,NaN,85,30,20
219,"['聯發科', '南電', '致伸', '元大美債20年', '元大美債20正2']",NaN,NaN,11,0,1
220,[],NaN,NaN,81,10,16
221,[],NaN,NaN,NaN,NaN,NaN
222,[],NaN,NaN,NaN,NaN,NaN
